url,old_status,action,destination,timestamp,reason_code
/d/334-higiene-corporal-como-ducharte-bien-sin-resecarte-la-piel,translated-live,REWRITE-published,/d/334-higiene-corporal-como-ducharte-bien-sin-resecarte-la-piel,2026-08-24T23:16:03+00:00,4.7-original-replacement
/d/350-area-de-los-ojos-ojeras-y-bolsas-que-funciona-y-que-no,translated-live,REWRITE-published,/d/350-area-de-los-ojos-ojeras-y-bolsas-que-funciona-y-que-no,2026-08-24T23:16:03+00:00,4.7-original-replacement
/d/18298-dormir-mejor-la-guia-que-si-mueve-la-aguja,translated-live,REWRITE-published,/d/18298-dormir-mejor-la-guia-que-si-mueve-la-aguja,2026-08-24T23:16:03+00:00,4.7-original-replacement
/d/900-rutina-de-cuidado-de-piel-lo-minimo-que-de-verdad-funciona,translated-live,REWRITE-published,/d/900-rutina-de-cuidado-de-piel-lo-minimo-que-de-verdad-funciona,2026-08-24T23:16:03+00:00,4.7-original-replacement
/d/17221-postura-como-corregirla-de-verdad,translated-live,REWRITE-published,/d/17221-postura-como-corregirla-de-verdad,2026-08-24T23:16:03+00:00,4.7-original-replacement
/d/33106-cejas-como-mejorarlas-sin-arruinarlas,translated-live,REWRITE-published,/d/33106-cejas-como-mejorarlas-sin-arruinarlas,2026-08-24T23:16:03+00:00,4.7-original-replacement
/d/17963-neckmaxxing-cuello-mas-definido-con-expectativas-reales,translated-live,REWRITE-published,/d/17963-neckmaxxing-cuello-mas-definido-con-expectativas-reales,2026-08-24T23:16:03+00:00,4.7-original-replacement
/d/10078-looksmaxea-ya-o-cuelga-la-soga-guia-suicida-para-curries,live-guide,REMOVE_URGENT-hidden,/t/looksmaxing,2026-08-24T23:30:00Z,4.5-sourcing
/d/10106-la-depresion-no-es-un-desequilibrio-en-la-quimica-del-cerebro-sino-un-desequilibrio-en-tu-microbiota-intestinal-y-como-arreglarlo,live-guide,REMOVE_URGENT-hidden,/t/looksmaxing,2026-08-24T23:30:00Z,4.5-sourcing
/d/10142-guia-para-que-los-blancos-envejezcan-como-un-asiatico,live-guide,REMOVE_URGENT-hidden,/t/softmaxing,2026-08-24T23:30:00Z,4.5-sourcing
/d/10262-mi-dieta-realista-de-mogger-cero-carbos-y-azucar,live-guide,REMOVE_URGENT-hidden,/t/looksmaxing,2026-08-24T23:30:00Z,4.5-sourcing
/d/10434-nutricion-optima-para-un-looksmaxxer-la-mayoria-de-los-consejos-de-nutricion-aqui-son-basura-sera-demasiado-high-iq-para-la-mayoria-de-ustedes,live-guide,REMOVE_URGENT-hidden,/t/looksmaxing,2026-08-24T23:30:00Z,4.5-sourcing
/d/10486-la-disminucion-del-atractivo-a-medida-que-envejecemos-es-causada-en-parte-por-la-perdida-y-debilidad-osea-facial,live-guide,REMOVE_URGENT-hidden,/t/looksmaxing,2026-08-24T23:30:00Z,4.5-sourcing
/d/10515-el-gran-reinicio-de-dopamina-como-recuperar-el-control-de-tu-vida,live-guide,REMOVE_URGENT-hidden,/t/looksmaxing,2026-08-24T23:30:00Z,4.5-sourcing
/d/10595-guia-de-como-hacer-que-tu-novia-nunca-te-deje-aunque-chad-la-quiera,live-guide,REMOVE_URGENT-hidden,/t/looksmaxing,2026-08-24T23:30:00Z,4.5-sourcing
/d/1068-como-frenar-y-revertir-el-proceso-de-envejecimiento,live-guide,REMOVE_URGENT-hidden,/t/softmaxing,2026-08-24T23:30:00Z,4.5-sourcing
/d/10691-guia-definitiva-para-hacer-framemaxxing-botb-pls,live-guide,REMOVE_URGENT-hidden,/t/looksmaxing,2026-08-24T23:30:00Z,4.5-sourcing
/d/1106-el-ciclo-de-randle-posible-respuesta-a-problemas-hormonales-problemas-de-piel-problemas-de-animo,live-guide,REMOVE_URGENT-hidden,/t/looksmaxing,2026-08-24T23:30:00Z,4.5-sourcing
/d/11200-como-ascender-siendo-adolescente-de-3-psl-a-6-psl-gtfih-todos,live-guide,REMOVE_URGENT-hidden,/t/looksmaxing,2026-08-24T23:30:00Z,4.5-sourcing
/d/11274-guia-de-leanmaxing-sin-esfuerzo,live-guide,REMOVE_URGENT-hidden,/t/looksmaxing,2026-08-24T23:30:00Z,4.5-safety
/d/1131-como-construir-hueso-facial-guia-sobre-el-crecimiento-craneofacial-hacia-adelante-y-la-remodelacion-osea-mi-hipotesis,live-guide,REMOVE_URGENT-hidden,/t/hardmaxing,2026-08-24T23:30:00Z,4.5-sourcing
/d/11405-formula-herbal-asiatica-secreta-ht042-para-heightmaxxing,live-guide,REMOVE_URGENT-hidden,/t/peptides,2026-08-24T23:30:00Z,4.5-sourcing
/d/11502-solucion-real-para-la-testosterona-baja-y-otros-problemas-de-salud,live-guide,REMOVE_URGENT-hidden,/t/anabolicos,2026-08-24T23:30:00Z,4.5-sourcing
/d/11583-los-9-tiers-de-ipd-masculino-basados-en-estadisticas,live-guide,REMOVE_URGENT-hidden,/t/looksmaxing,2026-08-24T23:30:00Z,4.5-sourcing
/d/11694-la-tretinoina-funciona,live-guide,REMOVE_URGENT-hidden,/t/softmaxing,2026-08-24T23:30:00Z,4.5-sourcing
/d/11795-como-no-ser-un-tonto-tamanos-de-pene,live-guide,REMOVE_URGENT-hidden,/t/looksmaxing,2026-08-24T23:30:00Z,4.5-sourcing
/d/1185-como-hacer-un-aparato-face-puller-para-el-face-puller-o-face-bow-de-at-copeandrope,live-guide,REMOVE_URGENT-hidden,/t/hardmaxing,2026-08-24T23:30:00Z,4.5-sourcing
/d/11930-explicando-la-importancia-del-amor-en-la-adolescencia-copecels-no-hagan-clic,live-guide,REMOVE_URGENT-hidden,/t/looksmaxing,2026-08-24T23:30:00Z,4.5-safety
/d/12117-maximizar-hgh-natural-de-verdad-la-unica-mejor-forma-de-hacerlo,live-guide,REMOVE_URGENT-hidden,/t/anabolicos,2026-08-24T23:30:00Z,4.5-sourcing
/d/12498-como-evitar-los-xenoestrogenos,live-guide,REMOVE_URGENT-hidden,/t/looksmaxing,2026-08-24T23:30:00Z,4.5-sourcing
/d/1272-la-guia-definitiva-de-fragancias-y-feromonas,live-guide,REMOVE_URGENT-hidden,/t/softmaxing,2026-08-24T23:30:00Z,4.5-sourcing
/d/12993-guia-roidmaxx-manten-tu-cabello,live-guide,REMOVE_URGENT-hidden,/t/anabolicos,2026-08-24T23:30:00Z,4.5-sourcing
/d/13060-como-hacer-framemaxx-legitimamente-guia-mega-thread,live-guide,REMOVE_URGENT-hidden,/t/looksmaxing,2026-08-24T23:30:00Z,4.5-sourcing
/d/13129-come-como-un-cavernicola-para-la-estetica-guia-de-dieta,live-guide,REMOVE_URGENT-hidden,/t/looksmaxing,2026-08-24T23:30:00Z,4.5-sourcing
/d/13202-guia-de-ropemaxxing-heightmaxxing,live-guide,REMOVE_URGENT-hidden,/t/looksmaxing,2026-08-24T23:30:00Z,4.5-safety
/d/13254-por-que-vitamina-d-y-magnesio-son-esenciales-y-los-has-estado-usando-mal,live-guide,REMOVE_URGENT-hidden,/t/looksmaxing,2026-08-24T23:30:00Z,4.5-sourcing
/d/13403-la-tretinoina-es-un-meme-mejor-dermarolea-2mm-y-exfolia-justo-despues,live-guide,REMOVE_URGENT-hidden,/t/softmaxing,2026-08-24T23:30:00Z,4.5-sourcing
/d/13405-guia-de-universidades-de-eu-con-las-chicas-mas-facilesputas-y-mas-buenas-de-un-slayer-changlite-local,live-guide,REMOVE_URGENT-hidden,/t/looksmaxing,2026-08-24T23:30:00Z,4.5-safety
/d/13455-guia-definitiva-como-volverte-low-inhib-usando-drogas-legales-mi-experiencia-y-consejos,live-guide,REMOVE_URGENT-hidden,/t/looksmaxing,2026-08-24T23:30:00Z,4.5-sourcing
/d/13477-la-leche-y-las-hormonas,live-guide,REMOVE_URGENT-hidden,/t/looksmaxing,2026-08-24T23:30:00Z,4.5-sourcing
/d/1373-no-pierdas-tiempo-promoviendo-el-crecimiento-craniofacial-contra-reloj-en-la-adolescencia-tardia-tecnicas-naturales-y-evidencia-notas-laterales,live-guide,REMOVE_URGENT-hidden,/t/softmaxing,2026-08-24T23:30:00Z,4.5-sourcing
/d/13770-como-ser-low-inhib-inhibcels-altos-metanse-aqui,live-guide,REMOVE_URGENT-hidden,/t/looksmaxing,2026-08-24T23:30:00Z,4.5-sourcing
/d/13851-disminuyendo-prolactina-aumentando-dopamina-naturalmente-high-inhibcells-gtfi,live-guide,REMOVE_URGENT-hidden,/t/looksmaxing,2026-08-24T23:30:00Z,4.5-sourcing
/d/1398-guia-de-looksmaxxing-de-cabello-cabello-bueno-equivale-a-vida-buena,live-guide,REMOVE_URGENT-hidden,/t/softmaxing,2026-08-24T23:30:00Z,4.5-sourcing
/d/14018-como-aprovechar-mse-y-face-mask,live-guide,REMOVE_URGENT-hidden,/t/hardmaxing,2026-08-24T23:30:00Z,4.5-sourcing
/d/14028-referencia-rapida-de-sarms-para-gymcels-novatos-retrasados,live-guide,REMOVE_URGENT-hidden,/t/anabolicos,2026-08-24T23:30:00Z,4.5-sourcing
/d/14117-desbloqueando-el-poder-de-los-huevos-tu-guia-definitiva-para-la-salud-y-el-bienestar,live-guide,REMOVE_URGENT-hidden,/t/looksmaxing,2026-08-24T23:30:00Z,4.5-sourcing
/d/14284-como-mejorar-tu-pensamiento-cognitivo,live-guide,REMOVE_URGENT-hidden,/t/looksmaxing,2026-08-24T23:30:00Z,4.5-sourcing
/d/14308-7-aromas-que-te-hacen-mas-atractivo-segun-la-ciencia,live-guide,REMOVE_URGENT-hidden,/t/softmaxing,2026-08-24T23:30:00Z,4.5-sourcing
/d/14320-15-mejores-alimentos-para-potenciar-los-niveles-de-dht-gtfih,live-guide,REMOVE_URGENT-hidden,/t/anabolicos,2026-08-24T23:30:00Z,4.5-sourcing
/d/14340-accutane-para-principiantes,live-guide,REMOVE_URGENT-hidden,/t/looksmaxing,2026-08-24T23:30:00Z,4.5-sourcing
/d/14413-la-guia-definitiva-natural-para-un-buen-tamano-de-v,live-guide,REMOVE_URGENT-hidden,/t/looksmaxing,2026-08-24T23:30:00Z,4.5-sourcing
/d/14456-lo-unico-en-lo-que-los-chavos-deben-enfocarse-durante-sus-anos-de-desarrollo-youngcels-gtfih,live-guide,REMOVE_URGENT-hidden,/t/looksmaxing,2026-08-24T23:30:00Z,4.5-sourcing
/d/1448-disolvi-mi-grasa-facial-una-introduccion-a-lemonbottle,live-guide,REMOVE_URGENT-hidden,/t/looksmaxing,2026-08-24T23:30:00Z,4.5-sourcing
/d/14542-como-replicar-la-luz-solar-de-espectro-completo-en-interiores-la-prueba-definitiva-de-focos-con-datos,live-guide,REMOVE_URGENT-hidden,/t/softmaxing,2026-08-24T23:30:00Z,4.5-sourcing
/d/14550-como-cualquiera-puede-conseguir-mejillas-hundidas-por-menos-de-100-no-en-serio,live-guide,REMOVE_URGENT-hidden,/t/softmaxing,2026-08-24T23:30:00Z,4.5-sourcing
/d/1498-mega-thread-de-disolucion-de-grasa,live-guide,REMOVE_URGENT-hidden,/t/looksmaxing,2026-08-24T23:30:00Z,4.5-sourcing
/d/15088-vitaminmaxing-como-las-vitaminas-pueden-cambiar-tu-vida,live-guide,REMOVE_URGENT-hidden,/t/softmaxing,2026-08-24T23:30:00Z,4.5-sourcing
/d/1511-como-conseguir-tu-fisico-sonado-sin-efectos-secundarios,live-guide,REMOVE_URGENT-hidden,/t/peptides,2026-08-24T23:30:00Z,4.5-sourcing
/d/15202-como-realmente-deshacerse-del-acne-de-una-vez-por-todas-sin-accutane-sin-giladas-que-alguien-entre,live-guide,REMOVE_URGENT-hidden,/t/softmaxing,2026-08-24T23:30:00Z,4.5-sourcing
/d/15638-como-estoy-venciendo-el-acne-y-como-podrias-hacerlo-tu-tambien,live-guide,REMOVE_URGENT-hidden,/t/softmaxing,2026-08-24T23:30:00Z,4.5-sourcing
/d/15836-importante-balance-de-aminoacidos,live-guide,REMOVE_URGENT-hidden,/t/looksmaxing,2026-08-24T23:30:00Z,4.5-sourcing
/d/15903-mi-ciclo-de-esteroides-favorito-para-principiantes-de-un-roidcel-con-experiencia-con-fotos,live-guide,REMOVE_URGENT-hidden,/t/anabolicos,2026-08-24T23:30:00Z,4.5-sourcing
/d/16048-la-fibra-dietetica-esta-muy-subestimada-y-deberia-aumentarse-significativamente-en-la-dieta,live-guide,REMOVE_URGENT-hidden,/t/looksmaxing,2026-08-24T23:30:00Z,4.5-sourcing
/d/16109-healthmaxxing-contra-judios-esquizo,live-guide,REMOVE_URGENT-hidden,/t/looksmaxing,2026-08-24T23:30:00Z,4.5-sourcing
/d/16114-mi-rutina-diaria-de-skincare-de-un-ex-skincel-con-fotos-de-la-ascension,live-guide,REMOVE_URGENT-hidden,/t/softmaxing,2026-08-24T23:30:00Z,4.5-safety
/d/1622-guia-sobre-como-corregir-la-pseudo-ginecomastia-y-reducir-la-ginecomastia-real-permanentemente-sin-cirugia-y-practicamente-sin-tiempo-de-recuperacion,live-guide,REMOVE_URGENT-hidden,/t/looksmaxing,2026-08-24T23:30:00Z,4.5-sourcing
/d/16659-como-elevar-tu-altura-naturalmente,live-guide,REMOVE_URGENT-hidden,/t/looksmaxing,2026-08-24T23:30:00Z,4.5-sourcing
/d/1678-posible-cura-para-la-caida-de-cabello-por-que-las-hormonas-no-importan,live-guide,REMOVE_URGENT-hidden,/t/softmaxing,2026-08-24T23:30:00Z,4.5-sourcing
/d/16832-notas-de-softmaxxing,live-guide,REMOVE_URGENT-hidden,/t/softmaxing,2026-08-24T23:30:00Z,4.5-sourcing
/d/16966-guia-definitiva-de-perdida-de-grasa-con-quimicos-low-inhib-gtfih,live-guide,REMOVE_URGENT-hidden,/t/looksmaxing,2026-08-24T23:30:00Z,4.5-sourcing
/d/17081-haz-que-alguien-se-enamore-de-ti,live-guide,REMOVE_URGENT-hidden,/t/looksmaxing,2026-08-24T23:30:00Z,4.5-sourcing
/d/17467-como-usar-hilos-pdo-para-quitar-las-arrugas-de-la-frente,live-guide,REMOVE_URGENT-hidden,/t/hardmaxing,2026-08-24T23:30:00Z,4.5-sourcing
/d/17501-guia-de-cada-vitamina-explicada-megathread,live-guide,REMOVE_URGENT-hidden,/t/looksmaxing,2026-08-24T23:30:00Z,4.5-sourcing
/d/17518-aclarando-la-desinformacion-sobre-hgh,live-guide,REMOVE_URGENT-hidden,/t/anabolicos,2026-08-24T23:30:00Z,4.5-sourcing
/d/17704-beneficios-de-la-eyaculacion-para-el-looksmax,live-guide,REMOVE_URGENT-hidden,/t/looksmaxing,2026-08-24T23:30:00Z,4.5-sourcing
/d/17712-guia-de-simetria-facial-2024,live-guide,REMOVE_URGENT-hidden,/t/looksmaxing,2026-08-24T23:30:00Z,4.5-safety
/d/17767-guia-aromasin-es-la-clave-para-evitar-los-venenos-judios-todos-entren-ya,live-guide,REMOVE_URGENT-hidden,/t/anabolicos,2026-08-24T23:30:00Z,4.5-sourcing
/d/17796-la-natacion-es-el-mejor-deporte-para-los-looksmaxxers-y-aqui-te-digo-por-que,live-guide,REMOVE_URGENT-hidden,/t/looksmaxing,2026-08-24T23:30:00Z,4.5-sourcing
/d/17855-guia-definitiva-de-la-luz-nunca-antes-vista,live-guide,REMOVE_URGENT-hidden,/t/looksmaxing,2026-08-24T23:30:00Z,4.5-sourcing
/d/18066-como-ocultar-tus-cirugias,live-guide,REMOVE_URGENT-hidden,/t/hardmaxing,2026-08-24T23:30:00Z,4.5-safety
/d/18176-la-forma-mas-simple-de-introducir-mas-calcio-a-tu-dieta,live-guide,REMOVE_URGENT-hidden,/t/looksmaxing,2026-08-24T23:30:00Z,4.5-sourcing
/d/18238-mejor-metodo-fucking-para-perder-peso,live-guide,REMOVE_URGENT-hidden,/t/looksmaxing,2026-08-24T23:30:00Z,4.5-sourcing
/d/1844-como-eliminar-el-surco-nasolabial-con-hilos-pdo,live-guide,REMOVE_URGENT-hidden,/t/hardmaxing,2026-08-24T23:30:00Z,4.5-sourcing
/d/18557-gtfih-como-ascender-para-los-curry-bhais-parte-2,live-guide,REMOVE_URGENT-hidden,/t/looksmaxing,2026-08-24T23:30:00Z,4.5-sourcing
/d/18658-como-perder-grasa-peso-segun-el-enfoque-pro-metabolico-de-ray-peat,live-guide,REMOVE_URGENT-hidden,/t/looksmaxing,2026-08-24T23:30:00Z,4.5-sourcing
/d/19110-cuidado-de-la-piel-sin-joder-tus-hormonas,live-guide,REMOVE_URGENT-hidden,/t/softmaxing,2026-08-24T23:30:00Z,4.5-sourcing
/d/19268-crudo-vs-pasteurizado,live-guide,REMOVE_URGENT-hidden,/t/looksmaxing,2026-08-24T23:30:00Z,4.5-sourcing
/d/19278-como-convertirse-en-un-eunuco,live-guide,REMOVE_URGENT-hidden,/t/hardmaxing,2026-08-24T23:30:00Z,4.5-sourcing
/d/19587-que-tan-raro-es-cada-rating-de-looks-usando-matematicas-para-determinar-cuanto-mogueas-parte-1,live-guide,REMOVE_URGENT-hidden,/t/looksmaxing,2026-08-24T23:30:00Z,4.5-sourcing
/d/19766-guia-de-aromasin-guia-de-inhibidores-de-aromatasa,live-guide,REMOVE_URGENT-hidden,/t/anabolicos,2026-08-24T23:30:00Z,4.5-sourcing
/d/19928-como-ganar-15kg-33lb-de-masa-de-calidad-en-8-semanas,live-guide,REMOVE_URGENT-hidden,/t/looksmaxing,2026-08-24T23:30:00Z,4.5-sourcing
/d/20493-todo-lo-que-necesitas-saber-sobre-la-isotretinoina-lo-mas-corto-posible,live-guide,REMOVE_URGENT-hidden,/t/softmaxing,2026-08-24T23:30:00Z,4.5-sourcing
/d/20651-por-que-tu-cara-se-ve-tan-triste-decaida-retardada-simplemente-y-como-arreglarlo-con-higiene-basica-a-menos-que-estes-geneticamente-jodido,live-guide,REMOVE_URGENT-hidden,/t/softmaxing,2026-08-24T23:30:00Z,4.5-sourcing
/d/20821-el-metodo-igf-1-como-maximizar-tu-igf-1-de-forma-natural-para-crecer-mas-alto,live-guide,REMOVE_URGENT-hidden,/t/anabolicos,2026-08-24T23:30:00Z,4.5-sourcing
/d/20861-como-microdosificar-finasterida-con-dosificacion-liquida-volumetrica-es-muy-facil,live-guide,REMOVE_URGENT-hidden,/t/looksmaxing,2026-08-24T23:30:00Z,4.5-sourcing
/d/21096-guia-de-maxxing-de-ereccion-del-pene-como-nunca-lidiar-con-sintomas-de-disfuncion-erectil-y-potencialmente-ganar-tamano,live-guide,REMOVE_URGENT-hidden,/t/looksmaxing,2026-08-24T23:30:00Z,4.5-sourcing
/d/2118-como-tener-citas-en-la-prepa-15-17-gtfih,live-guide,REMOVE_URGENT-hidden,/t/looksmaxing,2026-08-24T23:30:00Z,4.5-sourcing
/d/21300-por-que-envejeces-glicosilacion-y-ages-asesinos-insidiosos-de-tu-cuerpo,live-guide,REMOVE_URGENT-hidden,/t/looksmaxing,2026-08-24T23:30:00Z,4.5-sourcing
/d/21434-como-realmente-aumentar-tu-testosterona-de-forma-natural,live-guide,REMOVE_URGENT-hidden,/t/anabolicos,2026-08-24T23:30:00Z,4.5-sourcing
/d/21549-mi-rutina-basica-para-los-labios-delgadolabios-gtfih,live-guide,REMOVE_URGENT-hidden,/t/softmaxing,2026-08-24T23:30:00Z,4.5-sourcing
/d/21843-como-el-ayuno-aumentara-la-hormona-del-crecimiento,live-guide,REMOVE_URGENT-hidden,/t/looksmaxing,2026-08-24T23:30:00Z,4.5-sourcing
/d/21952-como-convertirse-en-un-chad-guia-completa-de-looksmaxxing,live-guide,REMOVE_URGENT-hidden,/t/looksmaxing,2026-08-24T23:30:00Z,4.5-safety
/d/23289-hilo-muy-raro-sub5incel125-highiq-gymmaxxing-101,live-guide,REMOVE_URGENT-hidden,/t/looksmaxing,2026-08-24T23:30:00Z,4.5-safety
/d/23387-hilo-de-agua-de-soft-maxes-sin-cope,live-guide,REMOVE_URGENT-hidden,/t/softmaxing,2026-08-24T23:30:00Z,4.5-sourcing
/d/23777-guia-del-calostro-los-beneficios-del-oro-liquido,live-guide,REMOVE_URGENT-hidden,/t/looksmaxing,2026-08-24T23:30:00Z,4.5-sourcing
/d/24287-guia-definitiva-sobre-como-tu-dieta-afecta-tu-crecimiento,live-guide,REMOVE_URGENT-hidden,/t/looksmaxing,2026-08-24T23:30:00Z,4.5-sourcing
/d/25015-el-hilo-definitivo-de-softmax-gtfihhh,live-guide,REMOVE_URGENT-hidden,/t/softmaxing,2026-08-24T23:30:00Z,4.5-safety
/d/25149-voicemaxxing-guia-a-fondo-para-alcanzar-97-hz,live-guide,REMOVE_URGENT-hidden,/t/looksmaxing,2026-08-24T23:30:00Z,4.5-sourcing
/d/25254-guia-facil-de-colageno,live-guide,REMOVE_URGENT-hidden,/t/looksmaxing,2026-08-24T23:30:00Z,4.5-sourcing
/d/25508-como-aniquilar-la-ansiedad-social-con-imaos-una-guia-practica,live-guide,REMOVE_URGENT-hidden,/t/looksmaxing,2026-08-24T23:30:00Z,4.5-sourcing
/d/25562-la-guia-de-heightmaxxing-mas-corta-sin-cope,live-guide,REMOVE_URGENT-hidden,/t/anabolicos,2026-08-24T23:30:00Z,4.5-sourcing
/d/2579-todo-lo-que-necesitas-saber-para-tener-un-cabello-sano-todos-gtfih-guia-definitiva-de-hairmaxxing,live-guide,REMOVE_URGENT-hidden,/t/softmaxing,2026-08-24T23:30:00Z,4.5-sourcing
/d/2631-una-guia-sobre-como-usar-bimatoprost-latisse-con-minimos-o-nulos-efectos-secundarios-gtfih-para-lashmaxxear,live-guide,REMOVE_URGENT-hidden,/t/softmaxing,2026-08-24T23:30:00Z,4.5-sourcing
/d/26442-forma-simple-de-reducir-la-inflamacion,live-guide,REMOVE_URGENT-hidden,/t/looksmaxing,2026-08-24T23:30:00Z,4.5-sourcing
/d/2654-lee-esto-antes-de-comprar-en-indiamart-para-paises-de-la-ue,live-guide,REMOVE_URGENT-hidden,/t/looksmaxing,2026-08-24T23:30:00Z,4.5-sourcing
/d/26561-mi-experiencia-con-80mg-de-lasix-y-400mg-de-pregabalina,live-guide,REMOVE_URGENT-hidden,/t/anabolicos,2026-08-24T23:30:00Z,4.5-sourcing
/d/26937-el-perfecto-dia-de-comida,live-guide,REMOVE_URGENT-hidden,/t/looksmaxing,2026-08-24T23:30:00Z,4.5-sourcing
/d/27182-el-truco-del-bicarbonato-de-sodio-pre-entrenamiento-una-guia-breve,live-guide,REMOVE_URGENT-hidden,/t/looksmaxing,2026-08-24T23:30:00Z,4.5-sourcing
/d/28095-alimentos-que-suben-la-testo,live-guide,REMOVE_URGENT-hidden,/t/looksmaxing,2026-08-24T23:30:00Z,4.5-sourcing
/d/28315-como-arregle-mi-acne,live-guide,REMOVE_URGENT-hidden,/t/softmaxing,2026-08-24T23:30:00Z,4.5-sourcing
/d/2832-como-hacer-gymmax-correctamente,live-guide,REMOVE_URGENT-hidden,/t/looksmaxing,2026-08-24T23:30:00Z,4.5-safety
/d/28326-tutorial-para-greycels-greycels-gtfih,live-guide,REMOVE_URGENT-hidden,/t/looksmaxing,2026-08-24T23:30:00Z,4.5-sourcing
/d/28509-expansor-palatino-complicaciones-y-riesgos-potenciales-leelo-antes-de-instalarlo-gtfih,live-guide,REMOVE_URGENT-hidden,/t/hardmaxing,2026-08-24T23:30:00Z,4.5-sourcing
/d/28621-una-guia-de-donde-conseguir-hormonas-inaccesibles-hghhcg-sin-receta,live-guide,REMOVE_URGENT-hidden,/t/anabolicos,2026-08-24T23:30:00Z,4.5-sourcing
/d/28631-guia-de-lazymaxxing-vol-01-looksmaxxea-siendo-huevon,live-guide,REMOVE_URGENT-hidden,/t/looksmaxing,2026-08-24T23:30:00Z,4.5-safety
/d/291-como-blanquee-mis-dientes-mejor-que-un-dentista-fotos,live-guide,REMOVE_URGENT-hidden,/t/softmaxing,2026-08-24T23:30:00Z,4.5-sourcing
/d/29396-como-hacer-looksmaxxingascender-sin-esfuerzo,live-guide,REMOVE_URGENT-hidden,/t/looksmaxing,2026-08-24T23:30:00Z,4.5-sourcing
/d/29622-guia-de-asimetria-facial,live-guide,REMOVE_URGENT-hidden,/t/looksmaxing,2026-08-24T23:30:00Z,4.5-sourcing
/d/29640-nunca-esta-jodidamente-terminado-looksmaxxing-completo-hgh-y-testosterona-100-natural-todos-gtfih,live-guide,REMOVE_URGENT-hidden,/t/anabolicos,2026-08-24T23:30:00Z,4.5-sourcing
/d/29756-12-grasa-corporal-o-muerte-ponerse-delgado-y-mantenerse-delgado-el-mejor-thread-en-org,live-guide,REMOVE_URGENT-hidden,/t/looksmaxing,2026-08-24T23:30:00Z,4.5-sourcing
/d/29835-guia-para-la-nariz,live-guide,REMOVE_URGENT-hidden,/t/softmaxing,2026-08-24T23:30:00Z,4.5-sourcing
/d/29909-high-iq-como-vencer-la-vidacomo-ponerse-flacocomo-detener-el-sufrimiento,live-guide,REMOVE_URGENT-hidden,/t/looksmaxing,2026-08-24T23:30:00Z,4.5-safety
/d/30204-mi-protocolo-de-bronceado-como-subhumano-nordico,live-guide,REMOVE_URGENT-hidden,/t/softmaxing,2026-08-24T23:30:00Z,4.5-sourcing
/d/31123-como-aumente-mi-longitud-5-in-y-circunferencia-75-in-usando-crema-dht,live-guide,REMOVE_URGENT-hidden,/t/looksmaxing,2026-08-24T23:30:00Z,4.5-sourcing
/d/31353-lista-de-compras-de-dieta-primal,live-guide,REMOVE_URGENT-hidden,/t/looksmaxing,2026-08-24T23:30:00Z,4.5-sourcing
/d/31712-la-leche-cruda-es-segura-para-tomar-y-es-la-unica-leche-que-deberias-tomar-jamas,live-guide,REMOVE_URGENT-hidden,/t/looksmaxing,2026-08-24T23:30:00Z,4.5-sourcing
/d/31985-chingaderas-que-comer-actualizado,live-guide,REMOVE_URGENT-hidden,/t/looksmaxing,2026-08-24T23:30:00Z,4.5-sourcing
/d/32059-la-guia-de-noc-kent,live-guide,REMOVE_URGENT-hidden,/t/softmaxing,2026-08-24T23:30:00Z,4.5-sourcing
/d/32086-mi-guia-de-skincare,live-guide,REMOVE_URGENT-hidden,/t/softmaxing,2026-08-24T23:30:00Z,4.5-sourcing
/d/32130-collagenmaxxing-desvanecer-cicatrices-y-pih,live-guide,REMOVE_URGENT-hidden,/t/softmaxing,2026-08-24T23:30:00Z,4.5-sourcing
/d/32289-rotacion-ccw-insana-por-masticar-con-los-dientes-frontales-comparado-con-las-muelas,live-guide,REMOVE_URGENT-hidden,/t/looksmaxing,2026-08-24T23:30:00Z,4.5-sourcing
/d/32350-guia-de-felicidadagua,live-guide,REMOVE_URGENT-hidden,/t/looksmaxing,2026-08-24T23:30:00Z,4.5-safety
/d/32453-leanmaxxing-legitimo-como-bajar-de-peso-de-forma-consistente-y-rapida,live-guide,REMOVE_URGENT-hidden,/t/looksmaxing,2026-08-24T23:30:00Z,4.5-safety
/d/32589-circulacion-sanguinea,live-guide,REMOVE_URGENT-hidden,/t/looksmaxing,2026-08-24T23:30:00Z,4.5-sourcing
/d/32832-estrategia-de-boost-de-testosterona-y-carga-y-suplementos,live-guide,REMOVE_URGENT-hidden,/t/anabolicos,2026-08-24T23:30:00Z,4.5-sourcing
/d/32875-la-mayoria-de-ustedes-no-son-feos-solo-estan-bioquimicamente-castrados-metanse-aqui,live-guide,REMOVE_URGENT-hidden,/t/anabolicos,2026-08-24T23:30:00Z,4.5-sourcing
/d/32945-suplementos-alternativos-a-adderall-para-aprobar-examenes,live-guide,REMOVE_URGENT-hidden,/t/looksmaxing,2026-08-24T23:30:00Z,4.5-sourcing
/d/33106-guia-de-eyebrowmaxxing,live-guide,REMOVE_URGENT-hidden,/t/softmaxing,2026-08-24T23:30:00Z,4.5-sourcing
/d/33129-gymceando-mi-1-ano-de-exp-skinnycels-gtfih,live-guide,REMOVE_URGENT-hidden,/t/looksmaxing,2026-08-24T23:30:00Z,4.5-safety
/d/33145-hgh-guia-casi-completa,live-guide,REMOVE_URGENT-hidden,/t/anabolicos,2026-08-24T23:30:00Z,4.5-sourcing
/d/3316-gymmax-solo-principiantes,live-guide,REMOVE_URGENT-hidden,/t/looksmaxing,2026-08-24T23:30:00Z,4.5-sourcing
/d/33259-guia-para-greycels-como-no-ser-un-retrasado,live-guide,REMOVE_URGENT-hidden,/t/looksmaxing,2026-08-24T23:30:00Z,4.5-sourcing
/d/33363-crudo,live-guide,REMOVE_URGENT-hidden,/t/looksmaxing,2026-08-24T23:30:00Z,4.5-sourcing
/d/33573-el-reset-definitivo-de-la-piel,live-guide,REMOVE_URGENT-hidden,/t/softmaxing,2026-08-24T23:30:00Z,4.5-sourcing
/d/33633-ligo-mujeres-solo-con-mi-olor-digno-de-botb,live-guide,REMOVE_URGENT-hidden,/t/looksmaxing,2026-08-24T23:30:00Z,4.5-safety
/d/3374-como-elegir-el-procedimiento-correcto-de-levantamiento-o-aumento-de-labios,live-guide,REMOVE_URGENT-hidden,/t/hardmaxing,2026-08-24T23:30:00Z,4.5-sourcing
/d/3377-curso-expres-quien-va-a-ascender-con-cirugia-ortognatica-y-quien-probablemente-no,live-guide,REMOVE_URGENT-hidden,/t/hardmaxing,2026-08-24T23:30:00Z,4.5-sourcing
/d/33915-guia-de-esteroides-para-gymcels,live-guide,REMOVE_URGENT-hidden,/t/anabolicos,2026-08-24T23:30:00Z,4.5-sourcing
/d/34493-la-forma-mas-barata-y-facil-de-desincharte-potassiumaxx,live-guide,REMOVE_URGENT-hidden,/t/softmaxing,2026-08-24T23:30:00Z,4.5-sourcing
/d/34661-protocolo-definitivo-de-heightmaxing-66,live-guide,REMOVE_URGENT-hidden,/t/looksmaxing,2026-08-24T23:30:00Z,4.5-sourcing
/d/34823-las-mejores-y-peores-drogas-low-inhib-segun-mi-experiencia-personal,live-guide,REMOVE_URGENT-hidden,/t/looksmaxing,2026-08-24T23:30:00Z,4.5-sourcing
/d/34840-la-unica-guia-de-heightmaxxing-que-necesitas-sin-mamadas-gtfih,live-guide,REMOVE_URGENT-hidden,/t/looksmaxing,2026-08-24T23:30:00Z,4.5-sourcing
/d/35056-como-comprar-y-esconder-gearcompuestos-hilo-de-esfuerzo-medio,live-guide,REMOVE_URGENT-hidden,/t/anabolicos,2026-08-24T23:30:00Z,4.5-sourcing
/d/35243-la-guia-definitiva-de-nootropicos-ten-motivacion-y-estamina-infinitaestudiar-hacer-dinero,live-guide,REMOVE_URGENT-hidden,/t/looksmaxing,2026-08-24T23:30:00Z,4.5-sourcing
/d/35301-alto-iq-respaldado-con-fuentes-arregla-tu-mandibula-recesiva-con-softmaxing,live-guide,REMOVE_URGENT-hidden,/t/looksmaxing,2026-08-24T23:30:00Z,4.5-sourcing
/d/35311-como-deshincharte-por-completoverte-lo-mas-grande-posible-antes-de-un-evento-importante-como-lo-hacen-los-fisicoculturistas-antes-de-una-competencia-alto-esfuerzo,live-guide,REMOVE_URGENT-hidden,/t/looksmaxing,2026-08-24T23:30:00Z,4.5-sourcing
/d/35566-guia-sobre-ho-optimizacion-hormonal,live-guide,REMOVE_URGENT-hidden,/t/anabolicos,2026-08-24T23:30:00Z,4.5-sourcing
/d/35582-pubertymaxxing-la-guia-oculta-de-softmaxxing-la-proxima-guia-es-la-de-los-que-se-desarrollan-tarde,live-guide,REMOVE_URGENT-hidden,/t/looksmaxing,2026-08-24T23:30:00Z,4.5-sourcing
/d/35814-deberias-practicar-la-exposicion-al-frio-por-sus-efectos-brutales-de-anti-envejecimiento-aumento-de-hormonas-y-mejor-animo-para-superarte,live-guide,REMOVE_URGENT-hidden,/t/looksmaxing,2026-08-24T23:30:00Z,4.5-sourcing
/d/36157-stack-duro-teorico-para-altura,live-guide,REMOVE_URGENT-hidden,/t/anabolicos,2026-08-24T23:30:00Z,4.5-sourcing
/d/36179-reporte-mi-experiencia-negativa-con-terapia-de-orina-nunca-bebas-orina-envejecida-es-danina,live-guide,REMOVE_URGENT-hidden,/t/looksmaxing,2026-08-24T23:30:00Z,4.5-safety
/d/3633-creacion-del-aparato-dowden-v1-jala-tu-maxilar-hacia-adelante,live-guide,REMOVE_URGENT-hidden,/t/hardmaxing,2026-08-24T23:30:00Z,4.5-sourcing
/d/36414-drenaje-del-sistema-linfatico-fuga-de-primalrevolution,live-guide,REMOVE_URGENT-hidden,/t/looksmaxing,2026-08-24T23:30:00Z,4.5-safety
/d/3642-la-ciencia-detras-del-no-fap-megahilo,live-guide,REMOVE_URGENT-hidden,/t/looksmaxing,2026-08-24T23:30:00Z,4.5-sourcing
/d/36563-como-sacarle-el-maximo-provecho-al-accutane-deten-los-efectos-secundarios,live-guide,REMOVE_URGENT-hidden,/t/anabolicos,2026-08-24T23:30:00Z,4.5-sourcing
/d/37144-cura-tdah-y-mejora-el-desempeno-estudiantil-con-pescado-crudo-alto-en-omega-3,live-guide,REMOVE_URGENT-hidden,/t/looksmaxing,2026-08-24T23:30:00Z,4.5-sourcing
/d/37199-la-unica-formula-de-dht-maximo-que-jamas-necesitaras,live-guide,REMOVE_URGENT-hidden,/t/anabolicos,2026-08-24T23:30:00Z,4.5-sourcing
/d/37210-como-aumentar-iq-y-diligencia-que-son-los-mejores-predictores-del-exito,live-guide,REMOVE_URGENT-hidden,/t/looksmaxing,2026-08-24T23:30:00Z,4.5-sourcing
/d/37231-una-guia-para-el-uso-de-inhibidores-de-hdac,live-guide,REMOVE_URGENT-hidden,/t/anabolicos,2026-08-24T23:30:00Z,4.5-sourcing
/d/37259-mi-guia-para-crecer-de-51-currycel-a-63-chadpreet-en-menos-de-2-anos-creeme-saar,live-guide,REMOVE_URGENT-hidden,/t/looksmaxing,2026-08-24T23:30:00Z,4.5-sourcing
/d/3748-como-ser-un-macho-alfa-como-un-hombre-negro,live-guide,REMOVE_URGENT-hidden,/t/looksmaxing,2026-08-24T23:30:00Z,4.5-sourcing
/d/3757-phenopill-nortico-atlantido,live-guide,REMOVE_URGENT-hidden,/t/looksmaxing,2026-08-24T23:30:00Z,4.5-sourcing
/d/37755-como-lidiar-con-una-sobremordida,live-guide,REMOVE_URGENT-hidden,/t/hardmaxing,2026-08-24T23:30:00Z,4.5-sourcing
/d/39284-esta-pildora-aumentara-tu-testosterona-total-y-libre,live-guide,REMOVE_URGENT-hidden,/t/anabolicos,2026-08-24T23:30:00Z,4.5-sourcing
/d/39797-guia-rapida-de-frauding-para-looksmaxxers-adolescentes-con-problemas-de-padres-como-esconder-agujas-pedir-peptidos-etc,live-guide,REMOVE_URGENT-hidden,/t/looksmaxing,2026-08-24T23:30:00Z,4.5-sourcing
/d/40247-consejos-y-reglas-para-incels-y-sub5s-santo-grial-para-incels,live-guide,REMOVE_URGENT-hidden,/t/looksmaxing,2026-08-24T23:30:00Z,4.5-safety
/d/40789-cascarones-de-huevo-calcio-gratis-que-ustedes-npcs-tiran-a-la-basura,live-guide,REMOVE_URGENT-hidden,/t/looksmaxing,2026-08-24T23:30:00Z,4.5-sourcing
/d/41002-guia-paso-a-paso-como-pedir-almacenar-y-esconder-esteroidespeptidos-como-adolescente,live-guide,REMOVE_URGENT-hidden,/t/anabolicos,2026-08-24T23:30:00Z,4.5-sourcing
/d/41215-accutane,live-guide,REMOVE_URGENT-hidden,/t/anabolicos,2026-08-24T23:30:00Z,4.5-safety
/d/41418-drogas-dignas-de-mejorar-tu-apariencia,live-guide,REMOVE_URGENT-hidden,/t/anabolicos,2026-08-24T23:30:00Z,4.5-sourcing
/d/41676-guia-de-mejora-de-habilidades-sociales-para-hmtn,live-guide,REMOVE_URGENT-hidden,/t/looksmaxing,2026-08-24T23:30:00Z,4.5-safety
/d/42119-guia-de-dimorfismo-softmax,live-guide,REMOVE_URGENT-hidden,/t/looksmaxing,2026-08-24T23:30:00Z,4.5-sourcing
/d/43302-por-que-tus-ancestros-solian-ser-mejores-que-tu-y-como-imitarlos,live-guide,REMOVE_URGENT-hidden,/t/looksmaxing,2026-08-24T23:30:00Z,4.5-sourcing
/d/43413-guia-para-brain-maxxing-101sin-boludeces,live-guide,REMOVE_URGENT-hidden,/t/looksmaxing,2026-08-24T23:30:00Z,4.5-sourcing
/d/43468-guia-simple-de-ascension-general,live-guide,REMOVE_URGENT-hidden,/t/looksmaxing,2026-08-24T23:30:00Z,4.5-sourcing
/d/43483-la-teoria-oofy-doofy-es-ley-y-la-conclusion-natural-para-personas-no-autistas-cualquiera-que-afirme-tener-blackpill-divina-es-1-retardado-2-maricon,live-guide,REMOVE_URGENT-hidden,/t/looksmaxing,2026-08-24T23:30:00Z,4.5-sourcing
/d/43487-guia-basica-de-hgh,live-guide,REMOVE_URGENT-hidden,/t/anabolicos,2026-08-24T23:30:00Z,4.5-sourcing
/d/43521-guia-ultimate-de-crecimiento-oseo-para-incels-sin-plata-aumentar-masa-osea,live-guide,REMOVE_URGENT-hidden,/t/looksmaxing,2026-08-24T23:30:00Z,4.5-sourcing
/d/43622-como-tener-el-area-de-ojos-de-un-chad,live-guide,REMOVE_URGENT-hidden,/t/softmaxing,2026-08-24T23:30:00Z,4.5-sourcing
/d/44057-deberias-comer-cascaras-de-huevo,live-guide,REMOVE_URGENT-hidden,/t/looksmaxing,2026-08-24T23:30:00Z,4.5-sourcing
/d/4426-la-dieta-carnivora-la-blackpill-perdida,live-guide,REMOVE_URGENT-hidden,/t/looksmaxing,2026-08-24T23:30:00Z,4.5-sourcing
/d/44352-mi-experiencia-con-accutane,live-guide,REMOVE_URGENT-hidden,/t/anabolicos,2026-08-24T23:30:00Z,4.5-sourcing
/d/44369-como-aumentar-los-globulos-rojos-de-forma-natural-para-dar-el-efecto-doping,live-guide,REMOVE_URGENT-hidden,/t/anabolicos,2026-08-24T23:30:00Z,4.5-sourcing
/d/44413-modo-mitigacion-la-ciencia-de-mantenerse-saludable-mientras-se-usan-esteroides,live-guide,REMOVE_URGENT-hidden,/t/anabolicos,2026-08-24T23:30:00Z,4.5-sourcing
/d/44585-alimentando-el-crecimiento-el-rol-fisiologico-de-los-macronutrientes-en-la-hipertrofia-muscular-y-el-metabolismo-de-grasas,live-guide,REMOVE_URGENT-hidden,/t/looksmaxing,2026-08-24T23:30:00Z,4.5-sourcing
/d/44835-aburrimiento-mehathread-gtfih,live-guide,REMOVE_URGENT-hidden,/t/looksmaxing,2026-08-24T23:30:00Z,4.5-sourcing
/d/45253-guia-completa-del-area-de-los-ojos,live-guide,REMOVE_URGENT-hidden,/t/looksmaxing,2026-08-24T23:30:00Z,4.5-sourcing
/d/45326-guia-nt-para-entornos-sociales,live-guide,REMOVE_URGENT-hidden,/t/looksmaxing,2026-08-24T23:30:00Z,4.5-safety
/d/45601-cascada-de-heightmaxxing,live-guide,REMOVE_URGENT-hidden,/t/anabolicos,2026-08-24T23:30:00Z,4.5-sourcing
/d/45726-como-me-roidmaxxee-a-los-17-para-ser-mas-gracioso-fotos-protocolo,live-guide,REMOVE_URGENT-hidden,/t/anabolicos,2026-08-24T23:30:00Z,4.5-sourcing
/d/45924-butirato-que-es-y-como-afecta-tu-estatura-salud-y-sensibilidad-a-los-androgenos,live-guide,REMOVE_URGENT-hidden,/t/looksmaxing,2026-08-24T23:30:00Z,4.5-sourcing
/d/46399-plan-de-ascension-realista-mogear-para-el-1-de-julio-de-2026,live-guide,REMOVE_URGENT-hidden,/t/looksmaxing,2026-08-24T23:30:00Z,4.5-sourcing
/d/4723-como-lograr-una-cara-dismorfica,live-guide,REMOVE_URGENT-hidden,/t/looksmaxing,2026-08-24T23:30:00Z,4.5-sourcing
/d/47324-guia-de-cejas,live-guide,REMOVE_URGENT-hidden,/t/softmaxing,2026-08-24T23:30:00Z,4.5-sourcing
/d/47575-mega-guia-de-tretinoina-skincare-antiedad-high-iq,live-guide,REMOVE_URGENT-hidden,/t/softmaxing,2026-08-24T23:30:00Z,4.5-safety
/d/47815-guia-corta-para-incels-sobre-como-ser-feliz,live-guide,REMOVE_URGENT-hidden,/t/looksmaxing,2026-08-24T23:30:00Z,4.5-safety
/d/48094-como-ocultar-la-caida-del-cabello-y-minimizar-su-apariencia-sin-implantes-durante-tu-adolescencia-y-principios-de-los-20-gtfih,live-guide,REMOVE_URGENT-hidden,/t/softmaxing,2026-08-24T23:30:00Z,4.5-sourcing
/d/48303-guia-definitiva-de-perdida-de-peso-calorias-cardio-suplementos,live-guide,REMOVE_URGENT-hidden,/t/looksmaxing,2026-08-24T23:30:00Z,4.5-sourcing
/d/48435-verduras-plantas-son-inutiles-sacalas-de-tu-dieta-ahora-explicacion,live-guide,REMOVE_URGENT-hidden,/t/looksmaxing,2026-08-24T23:30:00Z,4.5-sourcing
/d/4879-immunity-maxxing-como-mejorar-tu-inmunidad-y-convertirte-en-un-superhombre,live-guide,REMOVE_URGENT-hidden,/t/looksmaxing,2026-08-24T23:30:00Z,4.5-sourcing
/d/49207-dieta-definitiva-y-algunos-consejos-para-looksmaxxing-longevidad,live-guide,REMOVE_URGENT-hidden,/t/looksmaxing,2026-08-24T23:30:00Z,4.5-sourcing
/d/4950-aumento-facil-de-005-01psl-ojicels-de-cafe-oscuro-entren-aqui-a-la-verga,live-guide,REMOVE_URGENT-hidden,/t/softmaxing,2026-08-24T23:30:00Z,4.5-sourcing
/d/5047-guia-nt,live-guide,REMOVE_URGENT-hidden,/t/looksmaxing,2026-08-24T23:30:00Z,4.5-safety
/d/5145-stack-de-heightmaxing-closedplatecels-gtfih,live-guide,REMOVE_URGENT-hidden,/t/looksmaxing,2026-08-24T23:30:00Z,4.5-sourcing
/d/5175-dientes-blancos-de-tiktok-por-4,live-guide,REMOVE_URGENT-hidden,/t/softmaxing,2026-08-24T23:30:00Z,4.5-safety
/d/5225-lista-de-comida-de-chad,live-guide,REMOVE_URGENT-hidden,/t/looksmaxing,2026-08-24T23:30:00Z,4.5-sourcing
/d/5275-guia-definitiva-de-heightmax-barato,live-guide,REMOVE_URGENT-hidden,/t/looksmaxing,2026-08-24T23:30:00Z,4.5-sourcing
/d/5487-maxing-de-te-verde,live-guide,REMOVE_URGENT-hidden,/t/looksmaxing,2026-08-24T23:30:00Z,4.5-sourcing
/d/5502-guia-nt-fundamentos,live-guide,REMOVE_URGENT-hidden,/t/looksmaxing,2026-08-24T23:30:00Z,4.5-safety
/d/5598-microneedling-para-la-caida-del-cabello,live-guide,REMOVE_URGENT-hidden,/t/softmaxing,2026-08-24T23:30:00Z,4.5-sourcing
/d/5629-la-leccion-y-looksmax-mas-importante-de-esta-pagina-nunca-te-quedes-calvo-estudio-de-caso-del-hombre-promedio-y-por-que-la-mayoria-de-los-normies-no-actuan-ni-siquiera-hoy,live-guide,REMOVE_URGENT-hidden,/t/softmaxing,2026-08-24T23:30:00Z,4.5-safety
/d/5773-guia-de-testosterona,live-guide,REMOVE_URGENT-hidden,/t/anabolicos,2026-08-24T23:30:00Z,4.5-sourcing
/d/57850-guia-de-bodymaxing-para-el-skinnyfag-promedio,live-guide,REMOVE_URGENT-hidden,/t/looksmaxing,2026-08-24T23:30:00Z,4.5-sourcing
/d/5811-todo-lo-que-siempre-necesitabas-saber-sobre-looksmax,live-guide,REMOVE_URGENT-hidden,/t/looksmaxing,2026-08-24T23:30:00Z,4.5-sourcing
/d/58291-caracteristicas-del-chico-malo-que-las-mujeres-desean,live-guide,REMOVE_URGENT-hidden,/t/looksmaxing,2026-08-24T23:30:00Z,4.5-sourcing
/d/58324-guia-de-compra-de-face-pullers,live-guide,REMOVE_URGENT-hidden,/t/softmaxing,2026-08-24T23:30:00Z,4.5-sourcing
/d/58355-3-pruebas-rapidas-y-faciles-de-subhumanidad,live-guide,REMOVE_URGENT-hidden,/t/looksmaxing,2026-08-24T23:30:00Z,4.5-safety
/d/5909-como-realmente-crecer-mas-alto,live-guide,REMOVE_URGENT-hidden,/t/looksmaxing,2026-08-24T23:30:00Z,4.5-sourcing
/d/59344-megahilo-de-gymcelling,live-guide,REMOVE_URGENT-hidden,/t/looksmaxing,2026-08-24T23:30:00Z,4.5-sourcing
/d/6041-proporciones-corporales-ideales,live-guide,REMOVE_URGENT-hidden,/t/looksmaxing,2026-08-24T23:30:00Z,4.5-sourcing
/d/60609-mi-guia-gratis-y-facil-para-fatcels-para-bajar-de-peso,live-guide,REMOVE_URGENT-hidden,/t/looksmaxing,2026-08-24T23:30:00Z,4.5-sourcing
/d/61034-gtfih-bonecels-sonido-para-el-crecimiento-oseo,live-guide,REMOVE_URGENT-hidden,/t/hardmaxing,2026-08-24T23:30:00Z,4.5-sourcing
/d/6120-mk-677-vs-hgh,live-guide,REMOVE_URGENT-hidden,/t/anabolicos,2026-08-24T23:30:00Z,4.5-sourcing
/d/62178-la-guia-heightmax-mas-facil-gtfih,live-guide,REMOVE_URGENT-hidden,/t/looksmaxing,2026-08-24T23:30:00Z,4.5-sourcing
/d/6241-guia-de-vitamina-c-collagenmaxxing-guia-de-suplementos-y-serum-facial,live-guide,REMOVE_URGENT-hidden,/t/softmaxing,2026-08-24T23:30:00Z,4.5-sourcing
/d/6300-que-es-la-adiccion-por-que-podrias-ser-un-adicto-y-como-puedes-solucionarlo-largo,live-guide,REMOVE_URGENT-hidden,/t/looksmaxing,2026-08-24T23:30:00Z,4.5-sourcing
/d/6341-la-forma-mas-facil-de-llegar-al-8-de-grasa-corporal,live-guide,REMOVE_URGENT-hidden,/t/looksmaxing,2026-08-24T23:30:00Z,4.5-safety
/d/6395-collagenmaxxing-101-para-principiantes-lo-basico,live-guide,REMOVE_URGENT-hidden,/t/softmaxing,2026-08-24T23:30:00Z,4.5-sourcing
/d/6415-guia-de-maxxing-de-ojeras,live-guide,REMOVE_URGENT-hidden,/t/softmaxing,2026-08-24T23:30:00Z,4.5-sourcing
/d/6427-como-el-hueso-hioides-te-hace-chad-o-subhumano,live-guide,REMOVE_URGENT-hidden,/t/hardmaxing,2026-08-24T23:30:00Z,4.5-sourcing
/d/66173-libere-la-guia-de-peptidos-que-deberias-leer,live-guide,REMOVE_URGENT-hidden,/t/peptides,2026-08-24T23:30:00Z,4.5-sourcing
/d/66459-sleepmaxxing,live-guide,REMOVE_URGENT-hidden,/t/softmaxing,2026-08-24T23:30:00Z,4.5-sourcing
/d/6745-guia-de-pelea-de-selinity,live-guide,REMOVE_URGENT-hidden,/t/looksmaxing,2026-08-24T23:30:00Z,4.5-sourcing
/d/6898-guia-completa-de-minoxidil-para-el-crecimiento-del-cabello,live-guide,REMOVE_URGENT-hidden,/t/softmaxing,2026-08-24T23:30:00Z,4.5-sourcing
/d/6939-todo-lo-que-necesitas-saber-sobre-its-y-embarazos,live-guide,REMOVE_URGENT-hidden,/t/looksmaxing,2026-08-24T23:30:00Z,4.5-safety
/d/7196-una-guia-completa-para-dominar-a-la-foid-asiatica,live-guide,REMOVE_URGENT-hidden,/t/looksmaxing,2026-08-24T23:30:00Z,4.5-sourcing
/d/7262-guia-para-el-ascenso-etnico-escapando-del-currytax-curries-no-tengan-mas-miedo,live-guide,REMOVE_URGENT-hidden,/t/looksmaxing,2026-08-24T23:30:00Z,4.5-safety
/d/7413-los-8-mejores-suplementos-para-aumentar-los-niveles-de-t-para-tcels-bajos-basado-en-estudios,live-guide,REMOVE_URGENT-hidden,/t/anabolicos,2026-08-24T23:30:00Z,4.5-sourcing
/d/7548-el-protector-solar-y-por-que-deberias-usarlo,live-guide,REMOVE_URGENT-hidden,/t/softmaxing,2026-08-24T23:30:00Z,4.5-sourcing
/d/7660-por-que-deberias-consumir-huevos-crudos,live-guide,REMOVE_URGENT-hidden,/t/looksmaxing,2026-08-24T23:30:00Z,4.5-sourcing
/d/7768-la-guia-de-yolosweg-para-la-felicidad-en-general,live-guide,REMOVE_URGENT-hidden,/t/looksmaxing,2026-08-24T23:30:00Z,4.5-sourcing
/d/7779-como-convertirse-en-negro-de-verdad,live-guide,REMOVE_URGENT-hidden,/t/peptides,2026-08-24T23:30:00Z,4.5-sourcing
/d/7817-por-que-tus-ancestros-no-tenian-acne-y-tu-si,live-guide,REMOVE_URGENT-hidden,/t/softmaxing,2026-08-24T23:30:00Z,4.5-sourcing
/d/7898-una-guia-para-criar-a-tu-bebe-de-modo-que-tenga-la-maxima-calidad-para-convertirse-en-un-chadstacy-mas-adelante,live-guide,REMOVE_URGENT-hidden,/t/looksmaxing,2026-08-24T23:30:00Z,4.5-sourcing
/d/7906-como-deshacerte-del-acne-primitivepill,live-guide,REMOVE_URGENT-hidden,/t/softmaxing,2026-08-24T23:30:00Z,4.5-sourcing
/d/7939-tips-para-una-dieta-basada-en-plantas-y-comida-integral,live-guide,REMOVE_URGENT-hidden,/t/looksmaxing,2026-08-24T23:30:00Z,4.5-sourcing
/d/874-testosteronemaxxing-natural,live-guide,REMOVE_URGENT-hidden,/t/anabolicos,2026-08-24T23:30:00Z,4.5-sourcing
/d/897-guia-de-heightmaxxing-looksmaxing-este-stack-secreto-rival-hgh-de-grado-farmaceutico,live-guide,REMOVE_URGENT-hidden,/t/peptides,2026-08-24T23:30:00Z,4.5-sourcing
/d/918-guia-de-looksmaxxing-por-fenotipo-el-fundamental-olvidado-del-looksmax,live-guide,REMOVE_URGENT-hidden,/t/looksmaxing,2026-08-24T23:30:00Z,4.5-sourcing
/d/9226-los-verdaderos-beneficios-del-nofap-y-como-lograrlo,live-guide,REMOVE_URGENT-hidden,/t/looksmaxing,2026-08-24T23:30:00Z,4.5-sourcing
/d/9250-eyemaxxing-mejorando-el-area-de-tus-ojos,live-guide,REMOVE_URGENT-hidden,/t/softmaxing,2026-08-24T23:30:00Z,4.5-sourcing
/d/9293-guia-para-el-cold-approach-y-no-ser-un-retrasado-social,live-guide,REMOVE_URGENT-hidden,/t/looksmaxing,2026-08-24T23:30:00Z,4.5-safety
/d/9358-como-hacer-looksmaxx-correctamente-y-ascender,live-guide,REMOVE_URGENT-hidden,/t/looksmaxing,2026-08-24T23:30:00Z,4.5-sourcing
/d/9362-guia-de-sueno-ideal,live-guide,REMOVE_URGENT-hidden,/t/softmaxing,2026-08-24T23:30:00Z,4.5-sourcing
/d/9392-guia-completa-sobre-nutrientes-esenciales,live-guide,REMOVE_URGENT-hidden,/t/looksmaxing,2026-08-24T23:30:00Z,4.5-sourcing
/d/9394-glosario-oficial-de-looksmaxgov,live-guide,REMOVE_URGENT-hidden,/t/looksmaxing,2026-08-24T23:30:00Z,4.5-safety
/d/9413-fashionmaxxing-formal,live-guide,REMOVE_URGENT-hidden,/t/softmaxing,2026-08-24T23:30:00Z,4.5-sourcing
/d/9445-retencion-de-semen-y-atraccion-femenina,live-guide,REMOVE_URGENT-hidden,/t/looksmaxing,2026-08-24T23:30:00Z,4.5-sourcing
/d/9465-por-que-el-veganismo-es-cucked-con-pruebas,live-guide,REMOVE_URGENT-hidden,/t/looksmaxing,2026-08-24T23:30:00Z,4.5-sourcing
/d/9494-guia-de-looksmaxxing-de-biodisponibilidad-estas-tomando-los-suplementos-incorrectamente,live-guide,REMOVE_URGENT-hidden,/t/looksmaxing,2026-08-24T23:30:00Z,4.5-sourcing
/d/9505-stack-definitivo-de-suplementos-para-heightmaxxing-y-discusion,live-guide,REMOVE_URGENT-hidden,/t/looksmaxing,2026-08-24T23:30:00Z,4.5-sourcing
/d/9729-mi-stack-de-suplementos-que-hizo-la-mayor-diferencia,live-guide,REMOVE_URGENT-hidden,/t/looksmaxing,2026-08-24T23:30:00Z,4.5-sourcing
/d/9854-archivo-lookism-dieta-humana-natural-y-causa-raiz-de-la-enfermedad,live-guide,REMOVE_URGENT-hidden,/t/looksmaxing,2026-08-24T23:30:00Z,4.5-sourcing
/d/67841-mewing-la-guia-honesta-que-dice-la-evidencia,(new),CREATE-published,/d/67841-mewing-la-guia-honesta-que-dice-la-evidencia,2026-08-25T00:17:21+00:00,original-new-topic
/d/67842-cuidado-del-cabello-lo-basico-que-si-funciona,(new),CREATE-published,/d/67842-cuidado-del-cabello-lo-basico-que-si-funciona,2026-08-25T00:17:21+00:00,original-new-topic
/d/67843-higiene-bucal-y-sonrisa-sana-primero-blanca-despues,(new),CREATE-published,/d/67843-higiene-bucal-y-sonrisa-sana-primero-blanca-despues,2026-08-25T00:17:21+00:00,original-new-topic
/d/67844-piel-luminosa-glow-que-la-da-de-verdad,(new),CREATE-published,/d/67844-piel-luminosa-glow-que-la-da-de-verdad,2026-08-25T00:17:21+00:00,original-new-topic
/d/67845-eyemaxxing-sin-cirugia-mejorar-la-mirada-de-forma-realista,(new),CREATE-published,/d/67845-eyemaxxing-sin-cirugia-mejorar-la-mirada-de-forma-realista,2026-08-25T00:17:21+00:00,original-new-topic
/d/67846-fragancia-y-olor-personal-como-oler-bien-de-verdad,(new),CREATE-published,/d/67846-fragancia-y-olor-personal-como-oler-bien-de-verdad,2026-08-25T00:17:21+00:00,original-new-topic
/d/67847-estres-y-apariencia-como-se-ve-y-que-hacer,(new),CREATE-published,/d/67847-estres-y-apariencia-como-se-ve-y-que-hacer,2026-08-25T00:17:21+00:00,original-new-topic
/d/67848-manos-y-unas-el-detalle-de-grooming-que-la-gente-si-nota,(new),CREATE-published,/d/67848-manos-y-unas-el-detalle-de-grooming-que-la-gente-si-nota,2026-08-25T00:17:21+00:00,original-new-topic
/d/67849-hidratacion-cuanta-agua-necesitas-sin-mitos,(new),CREATE-published,/d/67849-hidratacion-cuanta-agua-necesitas-sin-mitos,2026-08-25T00:17:21+00:00,original-new-topic
/d/67850-proteccion-solar-a-fondo-el-mejor-anti-edad-que-existe,(new),CREATE-published,/d/67850-proteccion-solar-a-fondo-el-mejor-anti-edad-que-existe,2026-08-25T00:17:21+00:00,original-new-topic
/d/67851-habilidades-sociales-caer-bien-y-construir-tu-red-sin-ser-falso,(new),CREATE-published,/d/67851-habilidades-sociales-caer-bien-y-construir-tu-red-sin-ser-falso,2026-08-25T00:17:21+00:00,original-new-topic
/d/67852-como-te-ves-de-verdad-espejo-selfie-y-distorsion-de-lente,(new),CREATE-published,/d/67852-como-te-ves-de-verdad-espejo-selfie-y-distorsion-de-lente,2026-08-25T00:17:21+00:00,original-new-topic
/d/67853-fenotipos-faciales-que-son-y-como-usarlos-a-tu-favor,(new),CREATE-published,/d/67853-fenotipos-faciales-que-son-y-como-usarlos-a-tu-favor,2026-08-25T00:17:21+00:00,original-new-topic
/d/67854-estilo-basico-ropa-que-favorece-el-ajuste-lo-es-casi-todo,(new),CREATE-published,/d/67854-estilo-basico-ropa-que-favorece-el-ajuste-lo-es-casi-todo,2026-08-25T00:17:21+00:00,original-new-topic
/d/67855-voz-y-forma-de-hablar-sonar-mas-seguro-sin-fingir,(new),CREATE-published,/d/67855-voz-y-forma-de-hablar-sonar-mas-seguro-sin-fingir,2026-08-25T00:17:22+00:00,original-new-topic
/d/67856-lenguaje-corporal-proyectar-presencia-sin-actuar,(new),CREATE-published,/d/67856-lenguaje-corporal-proyectar-presencia-sin-actuar,2026-08-25T00:17:22+00:00,original-new-topic
/d/67857-gimnasio-para-principiantes-empezar-bien,(new),CREATE-published,/d/67857-gimnasio-para-principiantes-empezar-bien,2026-08-25T00:17:22+00:00,original-new-topic
/d/67858-accesorios-discretos-que-suman,(new),CREATE-published,/d/67858-accesorios-discretos-que-suman,2026-08-25T00:48:19+00:00,original-new-topic
/d/67859-acido-salicilico-bha-para-poros-y-acne,(new),CREATE-published,/d/67859-acido-salicilico-bha-para-poros-y-acne,2026-08-25T00:48:19+00:00,original-new-topic
/d/67860-acne-manejo-basico-que-si-funciona,(new),CREATE-published,/d/67860-acne-manejo-basico-que-si-funciona,2026-08-25T00:48:19+00:00,original-new-topic
/d/67861-afeitado-sin-irritacion-tecnica-y-errores,(new),CREATE-published,/d/67861-afeitado-sin-irritacion-tecnica-y-errores,2026-08-25T00:48:19+00:00,original-new-topic
/d/67862-alcohol-y-apariencia-como-te-afecta,(new),CREATE-published,/d/67862-alcohol-y-apariencia-como-te-afecta,2026-08-25T00:48:19+00:00,original-new-topic
/d/67863-alimentacion-para-tener-mas-energia,(new),CREATE-published,/d/67863-alimentacion-para-tener-mas-energia,2026-08-25T00:48:19+00:00,original-new-topic
/d/67864-ansiedad-social-como-manejarla-paso-a-paso,(new),CREATE-published,/d/67864-ansiedad-social-como-manejarla-paso-a-paso,2026-08-25T00:48:19+00:00,original-new-topic
/d/67865-antebrazos-y-fuerza-de-agarre,(new),CREATE-published,/d/67865-antebrazos-y-fuerza-de-agarre,2026-08-25T00:48:19+00:00,original-new-topic
/d/67866-autoestima-como-fortalecerla,(new),CREATE-published,/d/67866-autoestima-como-fortalecerla,2026-08-25T00:48:19+00:00,original-new-topic
/d/67867-azucar-y-piel-que-dice-la-evidencia,(new),CREATE-published,/d/67867-azucar-y-piel-que-dice-la-evidencia,2026-08-25T00:48:19+00:00,original-new-topic
/d/67868-bajar-grasa-corporal-de-forma-sana,(new),CREATE-published,/d/67868-bajar-grasa-corporal-de-forma-sana,2026-08-25T00:48:19+00:00,original-new-topic
/d/67869-barba-como-cuidarla-y-elegir-estilo-segun-tu-cara,(new),CREATE-published,/d/67869-barba-como-cuidarla-y-elegir-estilo-segun-tu-cara,2026-08-25T00:48:19+00:00,original-new-topic
/d/67870-la-barrera-de-la-piel-como-cuidarla-y-repararla,(new),CREATE-published,/d/67870-la-barrera-de-la-piel-como-cuidarla-y-repararla,2026-08-25T00:48:19+00:00,original-new-topic
/d/67871-bronceado-como-hacerlo-sin-danar-la-piel,(new),CREATE-published,/d/67871-bronceado-como-hacerlo-sin-danar-la-piel,2026-08-25T00:48:19+00:00,original-new-topic
/d/67872-cabello-graso-como-manejarlo,(new),CREATE-published,/d/67872-cabello-graso-como-manejarlo,2026-08-25T00:48:19+00:00,original-new-topic
/d/67873-cabello-rizado-cuidado-y-definicion,(new),CREATE-published,/d/67873-cabello-rizado-cuidado-y-definicion,2026-08-25T00:48:19+00:00,original-new-topic
/d/67874-cabello-seco-y-puntas-abiertas,(new),CREATE-published,/d/67874-cabello-seco-y-puntas-abiertas,2026-08-25T00:48:19+00:00,original-new-topic
/d/67875-cafeina-efectos-en-energia-y-sueno,(new),CREATE-published,/d/67875-cafeina-efectos-en-energia-y-sueno,2026-08-25T00:48:19+00:00,original-new-topic
/d/67876-caida-de-cabello-senales-tempranas-y-que-hacer,(new),CREATE-published,/d/67876-caida-de-cabello-senales-tempranas-y-que-hacer,2026-08-25T00:48:19+00:00,original-new-topic
/d/67877-calentamiento-como-y-por-que,(new),CREATE-published,/d/67877-calentamiento-como-y-por-que,2026-08-25T00:48:19+00:00,original-new-topic
/d/67878-calistenia-basica-entrenar-con-tu-peso,(new),CREATE-published,/d/67878-calistenia-basica-entrenar-con-tu-peso,2026-08-25T00:48:19+00:00,original-new-topic
/d/67879-cardio-para-salud-y-definicion,(new),CREATE-published,/d/67879-cardio-para-salud-y-definicion,2026-08-25T00:48:19+00:00,original-new-topic
/d/67880-carisma-basico-presencia-calidez-y-atencion,(new),CREATE-published,/d/67880-carisma-basico-presencia-calidez-y-atencion,2026-08-25T00:48:19+00:00,original-new-topic
/d/67881-caspa-causas-y-como-controlarla,(new),CREATE-published,/d/67881-caspa-causas-y-como-controlarla,2026-08-25T00:48:19+00:00,original-new-topic
/d/67882-chequeos-medicos-basicos-para-jovenes,(new),CREATE-published,/d/67882-chequeos-medicos-basicos-para-jovenes,2026-08-25T00:48:19+00:00,original-new-topic
/d/67883-cicatrices-de-acne-que-se-puede-hacer,(new),CREATE-published,/d/67883-cicatrices-de-acne-que-se-puede-hacer,2026-08-25T00:48:19+00:00,original-new-topic
/d/67884-codos-y-rodillas-asperos-como-suavizarlos,(new),CREATE-published,/d/67884-codos-y-rodillas-asperos-como-suavizarlos,2026-08-25T00:48:19+00:00,original-new-topic
/d/67885-colores-de-ropa-segun-tu-tono-de-piel,(new),CREATE-published,/d/67885-colores-de-ropa-segun-tu-tono-de-piel,2026-08-25T00:48:19+00:00,original-new-topic
/d/67886-que-comer-antes-y-despues-de-entrenar,(new),CREATE-published,/d/67886-que-comer-antes-y-despues-de-entrenar,2026-08-25T00:48:19+00:00,original-new-topic
/d/67887-como-comer-fuera-sin-arruinar-tus-metas,(new),CREATE-published,/d/67887-como-comer-fuera-sin-arruinar-tus-metas,2026-08-25T00:48:19+00:00,original-new-topic
/d/67888-comer-para-la-piel-y-el-cabello-que-ayuda-de-verdad,(new),CREATE-published,/d/67888-comer-para-la-piel-y-el-cabello-que-ayuda-de-verdad,2026-08-25T00:48:19+00:00,original-new-topic
/d/67889-como-tomarte-buenas-fotos-angulos-luz-y-pose,(new),CREATE-published,/d/67889-como-tomarte-buenas-fotos-angulos-luz-y-pose,2026-08-25T00:48:19+00:00,original-new-topic
/d/67890-dejar-de-compararte-en-redes,(new),CREATE-published,/d/67890-dejar-de-compararte-en-redes,2026-08-25T00:48:19+00:00,original-new-topic
/d/67891-confianza-genuina-como-construirla-sin-fingir,(new),CREATE-published,/d/67891-confianza-genuina-como-construirla-sin-fingir,2026-08-25T00:48:19+00:00,original-new-topic
/d/67892-contacto-visual-como-mejorarlo,(new),CREATE-published,/d/67892-contacto-visual-como-mejorarlo,2026-08-25T00:48:19+00:00,original-new-topic
/d/67893-piel-grasa-y-brillo-como-controlarlo,(new),CREATE-published,/d/67893-piel-grasa-y-brillo-como-controlarlo,2026-08-25T00:48:19+00:00,original-new-topic
/d/67894-core-y-abdomen-entrenarlo-bien,(new),CREATE-published,/d/67894-core-y-abdomen-entrenarlo-bien,2026-08-25T00:48:19+00:00,original-new-topic
/d/67895-corte-de-pelo-segun-la-forma-de-tu-cara,(new),CREATE-published,/d/67895-corte-de-pelo-segun-la-forma-de-tu-cara,2026-08-25T00:48:19+00:00,original-new-topic
/d/67896-cuidado-de-la-ropa-que-dure-y-se-vea-bien,(new),CREATE-published,/d/67896-cuidado-de-la-ropa-que-dure-y-se-vea-bien,2026-08-25T00:48:19+00:00,original-new-topic
/d/67897-cuidado-de-los-pies-durezas-hongos-y-unas,(new),CREATE-published,/d/67897-cuidado-de-los-pies-durezas-hongos-y-unas,2026-08-25T00:48:19+00:00,original-new-topic
/d/67898-cuidado-de-la-piel-por-edad-que-priorizar,(new),CREATE-published,/d/67898-cuidado-de-la-piel-por-edad-que-priorizar,2026-08-25T00:48:19+00:00,original-new-topic
/d/67899-cuidado-despues-de-afeitar,(new),CREATE-published,/d/67899-cuidado-despues-de-afeitar,2026-08-25T00:48:19+00:00,original-new-topic
/d/67900-cuidar-la-voz-hidratacion-y-no-forzarla,(new),CREATE-published,/d/67900-cuidar-la-voz-hidratacion-y-no-forzarla,2026-08-25T00:48:19+00:00,original-new-topic
/d/67901-deficit-calorico-sano-como-hacerlo-bien,(new),CREATE-published,/d/67901-deficit-calorico-sano-como-hacerlo-bien,2026-08-25T00:48:19+00:00,original-new-topic
/d/67902-definicion-de-la-mandibula-sin-cirugia-que-de-verdad-ayuda,(new),CREATE-published,/d/67902-definicion-de-la-mandibula-sin-cirugia-que-de-verdad-ayuda,2026-08-25T00:48:19+00:00,original-new-topic
/d/67903-dejar-de-fumar-lo-que-cambia-en-tu-apariencia,(new),CREATE-published,/d/67903-dejar-de-fumar-lo-que-cambia-en-tu-apariencia,2026-08-25T00:48:19+00:00,original-new-topic
/d/67904-disciplina-como-hacer-lo-que-dijiste-que-harias,(new),CREATE-published,/d/67904-disciplina-como-hacer-lo-que-dijiste-que-harias,2026-08-25T00:48:19+00:00,original-new-topic
/d/67905-dominadas-progresion-desde-cero,(new),CREATE-published,/d/67905-dominadas-progresion-desde-cero,2026-08-25T00:48:19+00:00,original-new-topic
/d/67906-duchas-frias-que-dice-la-evidencia-sin-exagerar,(new),CREATE-published,/d/67906-duchas-frias-que-dice-la-evidencia-sin-exagerar,2026-08-25T00:48:20+00:00,original-new-topic
/d/67907-mas-energia-en-el-dia-habitos-que-funcionan,(new),CREATE-published,/d/67907-mas-energia-en-el-dia-habitos-que-funcionan,2026-08-25T00:48:20+00:00,original-new-topic
/d/67908-entrenar-en-casa-sin-equipo,(new),CREATE-published,/d/67908-entrenar-en-casa-sin-equipo,2026-08-25T00:48:20+00:00,original-new-topic
/d/67909-escucha-activa-la-habilidad-social-subestimada,(new),CREATE-published,/d/67909-escucha-activa-la-habilidad-social-subestimada,2026-08-25T00:48:20+00:00,original-new-topic
/d/67910-estiramiento-cuando-y-como,(new),CREATE-published,/d/67910-estiramiento-cuando-y-como,2026-08-25T00:48:20+00:00,original-new-topic
/d/67911-estres-tecnicas-rapidas-para-el-dia-a-dia,(new),CREATE-published,/d/67911-estres-tecnicas-rapidas-para-el-dia-a-dia,2026-08-25T00:48:20+00:00,original-new-topic
/d/67912-como-evitar-lesiones-en-el-gym,(new),CREATE-published,/d/67912-como-evitar-lesiones-en-el-gym,2026-08-25T00:48:20+00:00,original-new-topic
/d/67913-exfoliacion-como-hacerla-sin-danar-la-piel,(new),CREATE-published,/d/67913-exfoliacion-como-hacerla-sin-danar-la-piel,2026-08-25T00:48:20+00:00,original-new-topic
/d/67914-fibra-y-digestion-por-que-importan,(new),CREATE-published,/d/67914-fibra-y-digestion-por-que-importan,2026-08-25T00:48:20+00:00,original-new-topic
/d/67915-frizz-como-controlarlo,(new),CREATE-published,/d/67915-frizz-como-controlarlo,2026-08-25T00:48:20+00:00,original-new-topic
/d/67916-gafas-segun-la-forma-de-tu-cara,(new),CREATE-published,/d/67916-gafas-segun-la-forma-de-tu-cara,2026-08-25T00:48:20+00:00,original-new-topic
/d/67917-ganar-musculo-natural-hipertrofia-para-principiantes,(new),CREATE-published,/d/67917-ganar-musculo-natural-hipertrofia-para-principiantes,2026-08-25T00:48:20+00:00,original-new-topic
/d/67918-gestion-del-tiempo-lo-basico-que-funciona,(new),CREATE-published,/d/67918-gestion-del-tiempo-lo-basico-que-funciona,2026-08-25T00:48:20+00:00,original-new-topic
/d/67919-gluteos-y-piernas-por-que-entrenarlas,(new),CREATE-published,/d/67919-gluteos-y-piernas-por-que-entrenarlas,2026-08-25T00:48:20+00:00,original-new-topic
/d/67920-habitos-y-constancia-como-sostener-cambios,(new),CREATE-published,/d/67920-habitos-y-constancia-como-sostener-cambios,2026-08-25T00:48:20+00:00,original-new-topic
/d/67921-hablar-en-publico-sin-morir-de-nervios,(new),CREATE-published,/d/67921-hablar-en-publico-sin-morir-de-nervios,2026-08-25T00:48:20+00:00,original-new-topic
/d/67922-como-hacer-amigos-siendo-adulto,(new),CREATE-published,/d/67922-como-hacer-amigos-siendo-adulto,2026-08-25T00:48:20+00:00,original-new-topic
/d/67923-hidratante-como-elegir-el-tuyo,(new),CREATE-published,/d/67923-hidratante-como-elegir-el-tuyo,2026-08-25T00:48:20+00:00,original-new-topic
/d/67924-rutina-de-higiene-diaria-checklist-practico,(new),CREATE-published,/d/67924-rutina-de-higiene-diaria-checklist-practico,2026-08-25T00:48:20+00:00,original-new-topic
/d/67925-hombros-y-espalda-para-mejor-postura,(new),CREATE-published,/d/67925-hombros-y-espalda-para-mejor-postura,2026-08-25T00:48:20+00:00,original-new-topic
/d/67926-el-humor-en-la-conversacion,(new),CREATE-published,/d/67926-el-humor-en-la-conversacion,2026-08-25T00:48:20+00:00,original-new-topic
/d/67927-iluminacion-para-fotos-de-rostro,(new),CREATE-published,/d/67927-iluminacion-para-fotos-de-rostro,2026-08-25T00:48:20+00:00,original-new-topic
/d/67928-journaling-escribir-para-pensar-mejor,(new),CREATE-published,/d/67928-journaling-escribir-para-pensar-mejor,2026-08-25T00:48:20+00:00,original-new-topic
/d/67929-labios-como-cuidarlos-y-evitar-que-se-agrieten,(new),CREATE-published,/d/67929-labios-como-cuidarlos-y-evitar-que-se-agrieten,2026-08-25T00:48:20+00:00,original-new-topic
/d/67930-poner-limites-sanos,(new),CREATE-published,/d/67930-poner-limites-sanos,2026-08-25T00:48:20+00:00,original-new-topic
/d/67931-mal-aliento-causas-y-solucion,(new),CREATE-published,/d/67931-mal-aliento-causas-y-solucion,2026-08-25T00:48:20+00:00,original-new-topic
/d/67932-manchas-e-hiperpigmentacion-que-las-causa-y-que-ayuda,(new),CREATE-published,/d/67932-manchas-e-hiperpigmentacion-que-las-causa-y-que-ayuda,2026-08-25T00:48:20+00:00,original-new-topic
/d/67933-como-manejar-el-rechazo,(new),CREATE-published,/d/67933-como-manejar-el-rechazo,2026-08-25T00:48:20+00:00,original-new-topic
/d/67934-meal-prep-basico-comer-bien-sin-complicarte,(new),CREATE-published,/d/67934-meal-prep-basico-comer-bien-sin-complicarte,2026-08-25T00:48:20+00:00,original-new-topic
/d/67935-meditacion-basica-para-empezar,(new),CREATE-published,/d/67935-meditacion-basica-para-empezar,2026-08-25T00:48:20+00:00,original-new-topic
/d/67936-mentalidad-de-crecimiento,(new),CREATE-published,/d/67936-mentalidad-de-crecimiento,2026-08-25T00:48:20+00:00,original-new-topic
/d/67937-mitos-de-dieta-mas-comunes-detox-gluten-y-mas,(new),CREATE-published,/d/67937-mitos-de-dieta-mas-comunes-detox-gluten-y-mas,2026-08-25T00:48:20+00:00,original-new-topic
/d/67938-movilidad-y-flexibilidad-rutina-basica,(new),CREATE-published,/d/67938-movilidad-y-flexibilidad-rutina-basica,2026-08-25T00:48:20+00:00,original-new-topic
/d/67939-niacinamida-para-que-sirve-y-como-usarla,(new),CREATE-published,/d/67939-niacinamida-para-que-sirve-y-como-usarla,2026-08-25T00:48:20+00:00,original-new-topic
/d/67940-olor-de-pies-causas-y-como-eliminarlo,(new),CREATE-published,/d/67940-olor-de-pies-causas-y-como-eliminarlo,2026-08-25T00:48:20+00:00,original-new-topic
/d/67941-papada-que-de-verdad-ayuda,(new),CREATE-published,/d/67941-papada-que-de-verdad-ayuda,2026-08-25T00:48:20+00:00,original-new-topic
/d/67942-peso-muerto-tecnica-y-seguridad,(new),CREATE-published,/d/67942-peso-muerto-tecnica-y-seguridad,2026-08-25T00:48:20+00:00,original-new-topic
/d/67943-cuidado-de-la-piel-del-cuerpo-no-solo-la-cara,(new),CREATE-published,/d/67943-cuidado-de-la-piel-del-cuerpo-no-solo-la-cara,2026-08-25T00:48:20+00:00,original-new-topic
/d/67944-piel-sensible-como-cuidarla-sin-irritarla,(new),CREATE-published,/d/67944-piel-sensible-como-cuidarla-sin-irritarla,2026-08-25T00:48:20+00:00,original-new-topic
/d/67945-pomulos-como-resaltarlos-sin-cirugia,(new),CREATE-published,/d/67945-pomulos-como-resaltarlos-sin-cirugia,2026-08-25T00:48:21+00:00,original-new-topic
/d/67946-postura-y-forma-de-caminar,(new),CREATE-published,/d/67946-postura-y-forma-de-caminar,2026-08-25T00:48:21+00:00,original-new-topic
/d/67947-postura-al-sentarse-ergonomia,(new),CREATE-published,/d/67947-postura-al-sentarse-ergonomia,2026-08-25T00:48:21+00:00,original-new-topic
/d/67948-postura-de-cabeza-y-perfil,(new),CREATE-published,/d/67948-postura-de-cabeza-y-perfil,2026-08-25T00:48:21+00:00,original-new-topic
/d/67949-press-de-banca-tecnica,(new),CREATE-published,/d/67949-press-de-banca-tecnica,2026-08-25T00:48:21+00:00,original-new-topic
/d/67950-primera-impresion-que-la-forma-y-como-mejorarla,(new),CREATE-published,/d/67950-primera-impresion-que-la-forma-y-como-mejorarla,2026-08-25T00:48:21+00:00,original-new-topic
/d/67951-ceras-pomadas-y-geles-cual-usar,(new),CREATE-published,/d/67951-ceras-pomadas-y-geles-cual-usar,2026-08-25T00:48:21+00:00,original-new-topic
/d/67952-progresion-de-cargas-como-avanzar,(new),CREATE-published,/d/67952-progresion-de-cargas-como-avanzar,2026-08-25T00:48:21+00:00,original-new-topic
/d/67953-protector-labial-y-sol-en-los-labios,(new),CREATE-published,/d/67953-protector-labial-y-sol-en-los-labios,2026-08-25T00:48:21+00:00,original-new-topic
/d/67954-proteina-cuanta-necesitas-de-verdad,(new),CREATE-published,/d/67954-proteina-cuanta-necesitas-de-verdad,2026-08-25T00:48:21+00:00,original-new-topic
/d/67955-puntos-negros-y-poros-que-funciona-y-que-no,(new),CREATE-published,/d/67955-puntos-negros-y-poros-que-funciona-y-que-no,2026-08-25T00:48:21+00:00,original-new-topic
/d/67956-quemadura-de-sol-que-hacer-y-que-evitar,(new),CREATE-published,/d/67956-quemadura-de-sol-que-hacer-y-que-evitar,2026-08-25T00:48:21+00:00,original-new-topic
/d/67957-recuperacion-descanso-sueno-y-sobreentrenamiento,(new),CREATE-published,/d/67957-recuperacion-descanso-sueno-y-sobreentrenamiento,2026-08-25T00:48:21+00:00,original-new-topic
/d/67958-respiracion-nasal-por-que-importa,(new),CREATE-published,/d/67958-respiracion-nasal-por-que-importa,2026-08-25T00:48:21+00:00,original-new-topic
/d/67959-retinoides-retinol-como-empezar-sin-irritarte,(new),CREATE-published,/d/67959-retinoides-retinol-como-empezar-sin-irritarte,2026-08-25T00:48:21+00:00,original-new-topic
/d/67960-rutina-de-la-manana-para-verte-y-sentirte-mejor,(new),CREATE-published,/d/67960-rutina-de-la-manana-para-verte-y-sentirte-mejor,2026-08-25T00:48:21+00:00,original-new-topic
/d/67961-rutina-de-la-noche-piel-sueno-y-prep,(new),CREATE-published,/d/67961-rutina-de-la-noche-piel-sueno-y-prep,2026-08-25T00:48:21+00:00,original-new-topic
/d/67962-salud-del-cuero-cabelludo,(new),CREATE-published,/d/67962-salud-del-cuero-cabelludo,2026-08-25T00:48:21+00:00,original-new-topic
/d/67963-salud-ocular-y-pantallas-regla-20-20-20,(new),CREATE-published,/d/67963-salud-ocular-y-pantallas-regla-20-20-20,2026-08-25T00:48:21+00:00,original-new-topic
/d/67964-como-secar-el-cabello-sin-danarlo,(new),CREATE-published,/d/67964-como-secar-el-cabello-sin-danarlo,2026-08-25T00:48:21+00:00,original-new-topic
/d/67965-sentadilla-tecnica-correcta,(new),CREATE-published,/d/67965-sentadilla-tecnica-correcta,2026-08-25T00:48:21+00:00,original-new-topic
/d/67966-simetria-facial-expectativas-realistas,(new),CREATE-published,/d/67966-simetria-facial-expectativas-realistas,2026-08-25T00:48:21+00:00,original-new-topic
/d/67967-skincare-en-clima-calido-y-humedo,(new),CREATE-published,/d/67967-skincare-en-clima-calido-y-humedo,2026-08-25T00:48:21+00:00,original-new-topic
/d/67968-skincare-en-clima-seco-y-frio,(new),CREATE-published,/d/67968-skincare-en-clima-seco-y-frio,2026-08-25T00:48:21+00:00,original-new-topic
/d/67969-skincare-para-hombres-rutina-minima,(new),CREATE-published,/d/67969-skincare-para-hombres-rutina-minima,2026-08-25T00:48:21+00:00,original-new-topic
/d/67970-snacks-sanos-opciones-practicas,(new),CREATE-published,/d/67970-snacks-sanos-opciones-practicas,2026-08-25T00:48:21+00:00,original-new-topic
/d/67971-la-sonrisa-por-que-importa-y-como-mejorarla,(new),CREATE-published,/d/67971-la-sonrisa-por-que-importa-y-como-mejorarla,2026-08-25T00:48:21+00:00,original-new-topic
/d/67972-sudoracion-desodorante-vs-antitranspirante,(new),CREATE-published,/d/67972-sudoracion-desodorante-vs-antitranspirante,2026-08-25T00:48:21+00:00,original-new-topic
/d/67973-sueno-y-pantallas-como-desconectar,(new),CREATE-published,/d/67973-sueno-y-pantallas-como-desconectar,2026-08-25T00:48:21+00:00,original-new-topic
/d/67974-tallas-y-ajuste-como-debe-quedar-la-ropa,(new),CREATE-published,/d/67974-tallas-y-ajuste-como-debe-quedar-la-ropa,2026-08-25T00:48:21+00:00,original-new-topic
/d/67975-tecnicas-de-respiracion-para-calmar-el-estres,(new),CREATE-published,/d/67975-tecnicas-de-respiracion-para-calmar-el-estres,2026-08-25T00:48:21+00:00,original-new-topic
/d/67976-el-tercio-inferior-de-la-cara-que-influye,(new),CREATE-published,/d/67976-el-tercio-inferior-de-la-cara-que-influye,2026-08-25T00:48:21+00:00,original-new-topic
/d/67977-tipos-de-piel-como-identificar-la-tuya-y-cuidarla,(new),CREATE-published,/d/67977-tipos-de-piel-como-identificar-la-tuya-y-cuidarla,2026-08-25T00:48:21+00:00,original-new-topic
/d/67978-vello-corporal-recortar-depilar-o-dejar,(new),CREATE-published,/d/67978-vello-corporal-recortar-depilar-o-dejar,2026-08-25T00:48:21+00:00,original-new-topic
/d/67979-vello-de-nariz-y-orejas-como-manejarlo,(new),CREATE-published,/d/67979-vello-de-nariz-y-orejas-como-manejarlo,2026-08-25T00:48:21+00:00,original-new-topic
/d/67980-como-vestir-segun-la-ocasion,(new),CREATE-published,/d/67980-como-vestir-segun-la-ocasion,2026-08-25T00:48:21+00:00,original-new-topic
/d/67981-vitamina-c-en-skincare-beneficios-y-uso,(new),CREATE-published,/d/67981-vitamina-c-en-skincare-beneficios-y-uso,2026-08-25T00:48:22+00:00,original-new-topic
/d/67982-vitamina-d-y-sol-beneficios-y-exposicion-segura,(new),CREATE-published,/d/67982-vitamina-d-y-sol-beneficios-y-exposicion-segura,2026-08-25T00:48:22+00:00,original-new-topic
/d/67983-zapatos-basicos-que-combinan-con-todo,(new),CREATE-published,/d/67983-zapatos-basicos-que-combinan-con-todo,2026-08-25T00:48:22+00:00,original-new-topic
