source_url,destination_url,type,reason,verified_dest_200
/d/865-guia-de-eyebrowmaxxing,/d/33106-guia-de-eyebrowmaxxing,301,4.6-duplicate,PENDING
/d/4317-sleepmaxxing,/d/18298-guia-de-sleepmaxxing,301,4.6-duplicate,PENDING
/d/7339-como-ser-percibido-como-triada-oscura,/d/7340-como-ser-percibido-como-triada-oscura,301,4.6-duplicate,PENDING
/d/10008-por-que-no-deberias-masturbarte-razones-cientificas,/d/8520-por-que-no-deberias-masturbarte-razones-cientificas,301,4.6-duplicate,PENDING
/d/13401-guia-de-bonesmashing,/d/17376-la-guia-definitiva-de-bonesmashing,301,4.6-duplicate,PENDING
/d/14499-guia-completa-de-looksmaxxing,/d/9837-guia-completa-de-looksmaxxing,301,4.6-duplicate,PENDING
/d/17963-guia-para-el-neckmaxxing,/d/17221-neckmaxxing,301,4.6-duplicate,PENDING
/d/28974-sleepmaxxing-guia-definitiva,/d/18298-guia-de-sleepmaxxing,301,4.6-duplicate,PENDING
/d/35092-guia-de-collagen-maxxing-basada-en-evidencia,/d/900-collagen-maxxing-la-guia-basada-en-evidencia,301,4.6-duplicate,PENDING
/d/48026-guia-actualizada-de-melanotan-2-inspirada-en-mpmd,/d/46047-guia-de-melanotan-2-inspirada-en-mpmd,301,4.6-duplicate,PENDING
/d/48413-ciclo-de-randle-por-at-foidletslayer,/d/48405-el-ciclo-de-randle-por-at-foidletslayer,301,4.6-duplicate,PENDING
/d/291-como-blanquee-mis-dientes-mejor-que-un-dentista-fotos,/t/softmaxing,301,4.5-removal,PENDING
/d/874-testosteronemaxxing-natural,/t/anabolicos,301,4.5-removal,PENDING
/d/897-guia-de-heightmaxxing-looksmaxing-este-stack-secreto-rival-hgh-de-grado-farmaceutico,/t/peptides,301,4.5-removal,PENDING
/d/918-guia-de-looksmaxxing-por-fenotipo-el-fundamental-olvidado-del-looksmax,/t/looksmaxing,301,4.5-removal,PENDING
/d/1068-como-frenar-y-revertir-el-proceso-de-envejecimiento,/t/softmaxing,301,4.5-removal,PENDING
/d/1106-el-ciclo-de-randle-posible-respuesta-a-problemas-hormonales-problemas-de-piel-problemas-de-animo,/t/looksmaxing,301,4.5-removal,PENDING
/d/1131-como-construir-hueso-facial-guia-sobre-el-crecimiento-craneofacial-hacia-adelante-y-la-remodelacion-osea-mi-hipotesis,/t/hardmaxing,301,4.5-removal,PENDING
/d/1185-como-hacer-un-aparato-face-puller-para-el-face-puller-o-face-bow-de-at-copeandrope,/t/hardmaxing,301,4.5-removal,PENDING
/d/1272-la-guia-definitiva-de-fragancias-y-feromonas,/t/softmaxing,301,4.5-removal,PENDING
/d/1373-no-pierdas-tiempo-promoviendo-el-crecimiento-craniofacial-contra-reloj-en-la-adolescencia-tardia-tecnicas-naturales-y-evidencia-notas-laterales,/t/softmaxing,301,4.5-removal,PENDING
/d/1398-guia-de-looksmaxxing-de-cabello-cabello-bueno-equivale-a-vida-buena,/t/softmaxing,301,4.5-removal,PENDING
/d/1448-disolvi-mi-grasa-facial-una-introduccion-a-lemonbottle,/t/looksmaxing,301,4.5-removal,PENDING
/d/1498-mega-thread-de-disolucion-de-grasa,/t/looksmaxing,301,4.5-removal,PENDING
/d/1511-como-conseguir-tu-fisico-sonado-sin-efectos-secundarios,/t/peptides,301,4.5-removal,PENDING
/d/1622-guia-sobre-como-corregir-la-pseudo-ginecomastia-y-reducir-la-ginecomastia-real-permanentemente-sin-cirugia-y-practicamente-sin-tiempo-de-recuperacion,/t/looksmaxing,301,4.5-removal,PENDING
/d/1678-posible-cura-para-la-caida-de-cabello-por-que-las-hormonas-no-importan,/t/softmaxing,301,4.5-removal,PENDING
/d/1844-como-eliminar-el-surco-nasolabial-con-hilos-pdo,/t/hardmaxing,301,4.5-removal,PENDING
/d/2118-como-tener-citas-en-la-prepa-15-17-gtfih,/t/looksmaxing,301,4.5-removal,PENDING
/d/2579-todo-lo-que-necesitas-saber-para-tener-un-cabello-sano-todos-gtfih-guia-definitiva-de-hairmaxxing,/t/softmaxing,301,4.5-removal,PENDING
/d/2631-una-guia-sobre-como-usar-bimatoprost-latisse-con-minimos-o-nulos-efectos-secundarios-gtfih-para-lashmaxxear,/t/softmaxing,301,4.5-removal,PENDING
/d/2654-lee-esto-antes-de-comprar-en-indiamart-para-paises-de-la-ue,/t/looksmaxing,301,4.5-removal,PENDING
/d/2832-como-hacer-gymmax-correctamente,/t/looksmaxing,301,4.5-removal,PENDING
/d/3316-gymmax-solo-principiantes,/t/looksmaxing,301,4.5-removal,PENDING
/d/3374-como-elegir-el-procedimiento-correcto-de-levantamiento-o-aumento-de-labios,/t/hardmaxing,301,4.5-removal,PENDING
/d/3377-curso-expres-quien-va-a-ascender-con-cirugia-ortognatica-y-quien-probablemente-no,/t/hardmaxing,301,4.5-removal,PENDING
/d/3633-creacion-del-aparato-dowden-v1-jala-tu-maxilar-hacia-adelante,/t/hardmaxing,301,4.5-removal,PENDING
/d/3642-la-ciencia-detras-del-no-fap-megahilo,/t/looksmaxing,301,4.5-removal,PENDING
/d/3748-como-ser-un-macho-alfa-como-un-hombre-negro,/t/looksmaxing,301,4.5-removal,PENDING
/d/3757-phenopill-nortico-atlantido,/t/looksmaxing,301,4.5-removal,PENDING
/d/4426-la-dieta-carnivora-la-blackpill-perdida,/t/looksmaxing,301,4.5-removal,PENDING
/d/4723-como-lograr-una-cara-dismorfica,/t/looksmaxing,301,4.5-removal,PENDING
/d/4879-immunity-maxxing-como-mejorar-tu-inmunidad-y-convertirte-en-un-superhombre,/t/looksmaxing,301,4.5-removal,PENDING
/d/4950-aumento-facil-de-005-01psl-ojicels-de-cafe-oscuro-entren-aqui-a-la-verga,/t/softmaxing,301,4.5-removal,PENDING
/d/5047-guia-nt,/t/looksmaxing,301,4.5-removal,PENDING
/d/5145-stack-de-heightmaxing-closedplatecels-gtfih,/t/looksmaxing,301,4.5-removal,PENDING
/d/5175-dientes-blancos-de-tiktok-por-4,/t/softmaxing,301,4.5-removal,PENDING
/d/5225-lista-de-comida-de-chad,/t/looksmaxing,301,4.5-removal,PENDING
/d/5275-guia-definitiva-de-heightmax-barato,/t/looksmaxing,301,4.5-removal,PENDING
/d/5487-maxing-de-te-verde,/t/looksmaxing,301,4.5-removal,PENDING
/d/5502-guia-nt-fundamentos,/t/looksmaxing,301,4.5-removal,PENDING
/d/5598-microneedling-para-la-caida-del-cabello,/t/softmaxing,301,4.5-removal,PENDING
/d/5629-la-leccion-y-looksmax-mas-importante-de-esta-pagina-nunca-te-quedes-calvo-estudio-de-caso-del-hombre-promedio-y-por-que-la-mayoria-de-los-normies-no-actuan-ni-siquiera-hoy,/t/softmaxing,301,4.5-removal,PENDING
/d/5773-guia-de-testosterona,/t/anabolicos,301,4.5-removal,PENDING
/d/5811-todo-lo-que-siempre-necesitabas-saber-sobre-looksmax,/t/looksmaxing,301,4.5-removal,PENDING
/d/5909-como-realmente-crecer-mas-alto,/t/looksmaxing,301,4.5-removal,PENDING
/d/6041-proporciones-corporales-ideales,/t/looksmaxing,301,4.5-removal,PENDING
/d/6120-mk-677-vs-hgh,/t/anabolicos,301,4.5-removal,PENDING
/d/6241-guia-de-vitamina-c-collagenmaxxing-guia-de-suplementos-y-serum-facial,/t/softmaxing,301,4.5-removal,PENDING
/d/6300-que-es-la-adiccion-por-que-podrias-ser-un-adicto-y-como-puedes-solucionarlo-largo,/t/looksmaxing,301,4.5-removal,PENDING
/d/6341-la-forma-mas-facil-de-llegar-al-8-de-grasa-corporal,/t/looksmaxing,301,4.5-removal,PENDING
/d/6395-collagenmaxxing-101-para-principiantes-lo-basico,/t/softmaxing,301,4.5-removal,PENDING
/d/6415-guia-de-maxxing-de-ojeras,/t/softmaxing,301,4.5-removal,PENDING
/d/6427-como-el-hueso-hioides-te-hace-chad-o-subhumano,/t/hardmaxing,301,4.5-removal,PENDING
/d/6745-guia-de-pelea-de-selinity,/t/looksmaxing,301,4.5-removal,PENDING
/d/6898-guia-completa-de-minoxidil-para-el-crecimiento-del-cabello,/t/softmaxing,301,4.5-removal,PENDING
/d/6939-todo-lo-que-necesitas-saber-sobre-its-y-embarazos,/t/looksmaxing,301,4.5-removal,PENDING
/d/7196-una-guia-completa-para-dominar-a-la-foid-asiatica,/t/looksmaxing,301,4.5-removal,PENDING
/d/7262-guia-para-el-ascenso-etnico-escapando-del-currytax-curries-no-tengan-mas-miedo,/t/looksmaxing,301,4.5-removal,PENDING
/d/7413-los-8-mejores-suplementos-para-aumentar-los-niveles-de-t-para-tcels-bajos-basado-en-estudios,/t/anabolicos,301,4.5-removal,PENDING
/d/7548-el-protector-solar-y-por-que-deberias-usarlo,/t/softmaxing,301,4.5-removal,PENDING
/d/7660-por-que-deberias-consumir-huevos-crudos,/t/looksmaxing,301,4.5-removal,PENDING
/d/7768-la-guia-de-yolosweg-para-la-felicidad-en-general,/t/looksmaxing,301,4.5-removal,PENDING
/d/7779-como-convertirse-en-negro-de-verdad,/t/peptides,301,4.5-removal,PENDING
/d/7817-por-que-tus-ancestros-no-tenian-acne-y-tu-si,/t/softmaxing,301,4.5-removal,PENDING
/d/7898-una-guia-para-criar-a-tu-bebe-de-modo-que-tenga-la-maxima-calidad-para-convertirse-en-un-chadstacy-mas-adelante,/t/looksmaxing,301,4.5-removal,PENDING
/d/7906-como-deshacerte-del-acne-primitivepill,/t/softmaxing,301,4.5-removal,PENDING
/d/7939-tips-para-una-dieta-basada-en-plantas-y-comida-integral,/t/looksmaxing,301,4.5-removal,PENDING
/d/9226-los-verdaderos-beneficios-del-nofap-y-como-lograrlo,/t/looksmaxing,301,4.5-removal,PENDING
/d/9250-eyemaxxing-mejorando-el-area-de-tus-ojos,/t/softmaxing,301,4.5-removal,PENDING
/d/9293-guia-para-el-cold-approach-y-no-ser-un-retrasado-social,/t/looksmaxing,301,4.5-removal,PENDING
/d/9358-como-hacer-looksmaxx-correctamente-y-ascender,/t/looksmaxing,301,4.5-removal,PENDING
/d/9362-guia-de-sueno-ideal,/t/softmaxing,301,4.5-removal,PENDING
/d/9392-guia-completa-sobre-nutrientes-esenciales,/t/looksmaxing,301,4.5-removal,PENDING
/d/9394-glosario-oficial-de-looksmaxgov,/t/looksmaxing,301,4.5-removal,PENDING
/d/9413-fashionmaxxing-formal,/t/softmaxing,301,4.5-removal,PENDING
/d/9445-retencion-de-semen-y-atraccion-femenina,/t/looksmaxing,301,4.5-removal,PENDING
/d/9465-por-que-el-veganismo-es-cucked-con-pruebas,/t/looksmaxing,301,4.5-removal,PENDING
/d/9494-guia-de-looksmaxxing-de-biodisponibilidad-estas-tomando-los-suplementos-incorrectamente,/t/looksmaxing,301,4.5-removal,PENDING
/d/9505-stack-definitivo-de-suplementos-para-heightmaxxing-y-discusion,/t/looksmaxing,301,4.5-removal,PENDING
/d/9729-mi-stack-de-suplementos-que-hizo-la-mayor-diferencia,/t/looksmaxing,301,4.5-removal,PENDING
/d/9854-archivo-lookism-dieta-humana-natural-y-causa-raiz-de-la-enfermedad,/t/looksmaxing,301,4.5-removal,PENDING
/d/10078-looksmaxea-ya-o-cuelga-la-soga-guia-suicida-para-curries,/t/looksmaxing,301,4.5-removal,PENDING
/d/10106-la-depresion-no-es-un-desequilibrio-en-la-quimica-del-cerebro-sino-un-desequilibrio-en-tu-microbiota-intestinal-y-como-arreglarlo,/t/looksmaxing,301,4.5-removal,PENDING
/d/10142-guia-para-que-los-blancos-envejezcan-como-un-asiatico,/t/softmaxing,301,4.5-removal,PENDING
/d/10262-mi-dieta-realista-de-mogger-cero-carbos-y-azucar,/t/looksmaxing,301,4.5-removal,PENDING
/d/10434-nutricion-optima-para-un-looksmaxxer-la-mayoria-de-los-consejos-de-nutricion-aqui-son-basura-sera-demasiado-high-iq-para-la-mayoria-de-ustedes,/t/looksmaxing,301,4.5-removal,PENDING
/d/10486-la-disminucion-del-atractivo-a-medida-que-envejecemos-es-causada-en-parte-por-la-perdida-y-debilidad-osea-facial,/t/looksmaxing,301,4.5-removal,PENDING
/d/10515-el-gran-reinicio-de-dopamina-como-recuperar-el-control-de-tu-vida,/t/looksmaxing,301,4.5-removal,PENDING
/d/10595-guia-de-como-hacer-que-tu-novia-nunca-te-deje-aunque-chad-la-quiera,/t/looksmaxing,301,4.5-removal,PENDING
/d/10691-guia-definitiva-para-hacer-framemaxxing-botb-pls,/t/looksmaxing,301,4.5-removal,PENDING
/d/11200-como-ascender-siendo-adolescente-de-3-psl-a-6-psl-gtfih-todos,/t/looksmaxing,301,4.5-removal,PENDING
/d/11274-guia-de-leanmaxing-sin-esfuerzo,/t/looksmaxing,301,4.5-removal,PENDING
/d/11405-formula-herbal-asiatica-secreta-ht042-para-heightmaxxing,/t/peptides,301,4.5-removal,PENDING
/d/11502-solucion-real-para-la-testosterona-baja-y-otros-problemas-de-salud,/t/anabolicos,301,4.5-removal,PENDING
/d/11583-los-9-tiers-de-ipd-masculino-basados-en-estadisticas,/t/looksmaxing,301,4.5-removal,PENDING
/d/11694-la-tretinoina-funciona,/t/softmaxing,301,4.5-removal,PENDING
/d/11795-como-no-ser-un-tonto-tamanos-de-pene,/t/looksmaxing,301,4.5-removal,PENDING
/d/11930-explicando-la-importancia-del-amor-en-la-adolescencia-copecels-no-hagan-clic,/t/looksmaxing,301,4.5-removal,PENDING
/d/12117-maximizar-hgh-natural-de-verdad-la-unica-mejor-forma-de-hacerlo,/t/anabolicos,301,4.5-removal,PENDING
/d/12498-como-evitar-los-xenoestrogenos,/t/looksmaxing,301,4.5-removal,PENDING
/d/12993-guia-roidmaxx-manten-tu-cabello,/t/anabolicos,301,4.5-removal,PENDING
/d/13060-como-hacer-framemaxx-legitimamente-guia-mega-thread,/t/looksmaxing,301,4.5-removal,PENDING
/d/13129-come-como-un-cavernicola-para-la-estetica-guia-de-dieta,/t/looksmaxing,301,4.5-removal,PENDING
/d/13202-guia-de-ropemaxxing-heightmaxxing,/t/looksmaxing,301,4.5-removal,PENDING
/d/13254-por-que-vitamina-d-y-magnesio-son-esenciales-y-los-has-estado-usando-mal,/t/looksmaxing,301,4.5-removal,PENDING
/d/13403-la-tretinoina-es-un-meme-mejor-dermarolea-2mm-y-exfolia-justo-despues,/t/softmaxing,301,4.5-removal,PENDING
/d/13405-guia-de-universidades-de-eu-con-las-chicas-mas-facilesputas-y-mas-buenas-de-un-slayer-changlite-local,/t/looksmaxing,301,4.5-removal,PENDING
/d/13455-guia-definitiva-como-volverte-low-inhib-usando-drogas-legales-mi-experiencia-y-consejos,/t/looksmaxing,301,4.5-removal,PENDING
/d/13477-la-leche-y-las-hormonas,/t/looksmaxing,301,4.5-removal,PENDING
/d/13770-como-ser-low-inhib-inhibcels-altos-metanse-aqui,/t/looksmaxing,301,4.5-removal,PENDING
/d/13851-disminuyendo-prolactina-aumentando-dopamina-naturalmente-high-inhibcells-gtfi,/t/looksmaxing,301,4.5-removal,PENDING
/d/14018-como-aprovechar-mse-y-face-mask,/t/hardmaxing,301,4.5-removal,PENDING
/d/14028-referencia-rapida-de-sarms-para-gymcels-novatos-retrasados,/t/anabolicos,301,4.5-removal,PENDING
/d/14117-desbloqueando-el-poder-de-los-huevos-tu-guia-definitiva-para-la-salud-y-el-bienestar,/t/looksmaxing,301,4.5-removal,PENDING
/d/14284-como-mejorar-tu-pensamiento-cognitivo,/t/looksmaxing,301,4.5-removal,PENDING
/d/14308-7-aromas-que-te-hacen-mas-atractivo-segun-la-ciencia,/t/softmaxing,301,4.5-removal,PENDING
/d/14320-15-mejores-alimentos-para-potenciar-los-niveles-de-dht-gtfih,/t/anabolicos,301,4.5-removal,PENDING
/d/14340-accutane-para-principiantes,/t/looksmaxing,301,4.5-removal,PENDING
/d/14413-la-guia-definitiva-natural-para-un-buen-tamano-de-v,/t/looksmaxing,301,4.5-removal,PENDING
/d/14456-lo-unico-en-lo-que-los-chavos-deben-enfocarse-durante-sus-anos-de-desarrollo-youngcels-gtfih,/t/looksmaxing,301,4.5-removal,PENDING
/d/14542-como-replicar-la-luz-solar-de-espectro-completo-en-interiores-la-prueba-definitiva-de-focos-con-datos,/t/softmaxing,301,4.5-removal,PENDING
/d/14550-como-cualquiera-puede-conseguir-mejillas-hundidas-por-menos-de-100-no-en-serio,/t/softmaxing,301,4.5-removal,PENDING
/d/15088-vitaminmaxing-como-las-vitaminas-pueden-cambiar-tu-vida,/t/softmaxing,301,4.5-removal,PENDING
/d/15202-como-realmente-deshacerse-del-acne-de-una-vez-por-todas-sin-accutane-sin-giladas-que-alguien-entre,/t/softmaxing,301,4.5-removal,PENDING
/d/15638-como-estoy-venciendo-el-acne-y-como-podrias-hacerlo-tu-tambien,/t/softmaxing,301,4.5-removal,PENDING
/d/15836-importante-balance-de-aminoacidos,/t/looksmaxing,301,4.5-removal,PENDING
/d/15903-mi-ciclo-de-esteroides-favorito-para-principiantes-de-un-roidcel-con-experiencia-con-fotos,/t/anabolicos,301,4.5-removal,PENDING
/d/16048-la-fibra-dietetica-esta-muy-subestimada-y-deberia-aumentarse-significativamente-en-la-dieta,/t/looksmaxing,301,4.5-removal,PENDING
/d/16109-healthmaxxing-contra-judios-esquizo,/t/looksmaxing,301,4.5-removal,PENDING
/d/16114-mi-rutina-diaria-de-skincare-de-un-ex-skincel-con-fotos-de-la-ascension,/t/softmaxing,301,4.5-removal,PENDING
/d/16659-como-elevar-tu-altura-naturalmente,/t/looksmaxing,301,4.5-removal,PENDING
/d/16832-notas-de-softmaxxing,/t/softmaxing,301,4.5-removal,PENDING
/d/16966-guia-definitiva-de-perdida-de-grasa-con-quimicos-low-inhib-gtfih,/t/looksmaxing,301,4.5-removal,PENDING
/d/17081-haz-que-alguien-se-enamore-de-ti,/t/looksmaxing,301,4.5-removal,PENDING
/d/17467-como-usar-hilos-pdo-para-quitar-las-arrugas-de-la-frente,/t/hardmaxing,301,4.5-removal,PENDING
/d/17501-guia-de-cada-vitamina-explicada-megathread,/t/looksmaxing,301,4.5-removal,PENDING
/d/17518-aclarando-la-desinformacion-sobre-hgh,/t/anabolicos,301,4.5-removal,PENDING
/d/17704-beneficios-de-la-eyaculacion-para-el-looksmax,/t/looksmaxing,301,4.5-removal,PENDING
/d/17712-guia-de-simetria-facial-2024,/t/looksmaxing,301,4.5-removal,PENDING
/d/17767-guia-aromasin-es-la-clave-para-evitar-los-venenos-judios-todos-entren-ya,/t/anabolicos,301,4.5-removal,PENDING
/d/17796-la-natacion-es-el-mejor-deporte-para-los-looksmaxxers-y-aqui-te-digo-por-que,/t/looksmaxing,301,4.5-removal,PENDING
/d/17855-guia-definitiva-de-la-luz-nunca-antes-vista,/t/looksmaxing,301,4.5-removal,PENDING
/d/18066-como-ocultar-tus-cirugias,/t/hardmaxing,301,4.5-removal,PENDING
/d/18176-la-forma-mas-simple-de-introducir-mas-calcio-a-tu-dieta,/t/looksmaxing,301,4.5-removal,PENDING
/d/18238-mejor-metodo-fucking-para-perder-peso,/t/looksmaxing,301,4.5-removal,PENDING
/d/18557-gtfih-como-ascender-para-los-curry-bhais-parte-2,/t/looksmaxing,301,4.5-removal,PENDING
/d/18658-como-perder-grasa-peso-segun-el-enfoque-pro-metabolico-de-ray-peat,/t/looksmaxing,301,4.5-removal,PENDING
/d/19110-cuidado-de-la-piel-sin-joder-tus-hormonas,/t/softmaxing,301,4.5-removal,PENDING
/d/19268-crudo-vs-pasteurizado,/t/looksmaxing,301,4.5-removal,PENDING
/d/19278-como-convertirse-en-un-eunuco,/t/hardmaxing,301,4.5-removal,PENDING
/d/19587-que-tan-raro-es-cada-rating-de-looks-usando-matematicas-para-determinar-cuanto-mogueas-parte-1,/t/looksmaxing,301,4.5-removal,PENDING
/d/19766-guia-de-aromasin-guia-de-inhibidores-de-aromatasa,/t/anabolicos,301,4.5-removal,PENDING
/d/19928-como-ganar-15kg-33lb-de-masa-de-calidad-en-8-semanas,/t/looksmaxing,301,4.5-removal,PENDING
/d/20493-todo-lo-que-necesitas-saber-sobre-la-isotretinoina-lo-mas-corto-posible,/t/softmaxing,301,4.5-removal,PENDING
/d/20651-por-que-tu-cara-se-ve-tan-triste-decaida-retardada-simplemente-y-como-arreglarlo-con-higiene-basica-a-menos-que-estes-geneticamente-jodido,/t/softmaxing,301,4.5-removal,PENDING
/d/20821-el-metodo-igf-1-como-maximizar-tu-igf-1-de-forma-natural-para-crecer-mas-alto,/t/anabolicos,301,4.5-removal,PENDING
/d/20861-como-microdosificar-finasterida-con-dosificacion-liquida-volumetrica-es-muy-facil,/t/looksmaxing,301,4.5-removal,PENDING
/d/21096-guia-de-maxxing-de-ereccion-del-pene-como-nunca-lidiar-con-sintomas-de-disfuncion-erectil-y-potencialmente-ganar-tamano,/t/looksmaxing,301,4.5-removal,PENDING
/d/21300-por-que-envejeces-glicosilacion-y-ages-asesinos-insidiosos-de-tu-cuerpo,/t/looksmaxing,301,4.5-removal,PENDING
/d/21434-como-realmente-aumentar-tu-testosterona-de-forma-natural,/t/anabolicos,301,4.5-removal,PENDING
/d/21549-mi-rutina-basica-para-los-labios-delgadolabios-gtfih,/t/softmaxing,301,4.5-removal,PENDING
/d/21843-como-el-ayuno-aumentara-la-hormona-del-crecimiento,/t/looksmaxing,301,4.5-removal,PENDING
/d/21952-como-convertirse-en-un-chad-guia-completa-de-looksmaxxing,/t/looksmaxing,301,4.5-removal,PENDING
/d/23289-hilo-muy-raro-sub5incel125-highiq-gymmaxxing-101,/t/looksmaxing,301,4.5-removal,PENDING
/d/23387-hilo-de-agua-de-soft-maxes-sin-cope,/t/softmaxing,301,4.5-removal,PENDING
/d/23777-guia-del-calostro-los-beneficios-del-oro-liquido,/t/looksmaxing,301,4.5-removal,PENDING
/d/24287-guia-definitiva-sobre-como-tu-dieta-afecta-tu-crecimiento,/t/looksmaxing,301,4.5-removal,PENDING
/d/25015-el-hilo-definitivo-de-softmax-gtfihhh,/t/softmaxing,301,4.5-removal,PENDING
/d/25149-voicemaxxing-guia-a-fondo-para-alcanzar-97-hz,/t/looksmaxing,301,4.5-removal,PENDING
/d/25254-guia-facil-de-colageno,/t/looksmaxing,301,4.5-removal,PENDING
/d/25508-como-aniquilar-la-ansiedad-social-con-imaos-una-guia-practica,/t/looksmaxing,301,4.5-removal,PENDING
/d/25562-la-guia-de-heightmaxxing-mas-corta-sin-cope,/t/anabolicos,301,4.5-removal,PENDING
/d/26442-forma-simple-de-reducir-la-inflamacion,/t/looksmaxing,301,4.5-removal,PENDING
/d/26561-mi-experiencia-con-80mg-de-lasix-y-400mg-de-pregabalina,/t/anabolicos,301,4.5-removal,PENDING
/d/26937-el-perfecto-dia-de-comida,/t/looksmaxing,301,4.5-removal,PENDING
/d/27182-el-truco-del-bicarbonato-de-sodio-pre-entrenamiento-una-guia-breve,/t/looksmaxing,301,4.5-removal,PENDING
/d/28095-alimentos-que-suben-la-testo,/t/looksmaxing,301,4.5-removal,PENDING
/d/28315-como-arregle-mi-acne,/t/softmaxing,301,4.5-removal,PENDING
/d/28326-tutorial-para-greycels-greycels-gtfih,/t/looksmaxing,301,4.5-removal,PENDING
/d/28509-expansor-palatino-complicaciones-y-riesgos-potenciales-leelo-antes-de-instalarlo-gtfih,/t/hardmaxing,301,4.5-removal,PENDING
/d/28621-una-guia-de-donde-conseguir-hormonas-inaccesibles-hghhcg-sin-receta,/t/anabolicos,301,4.5-removal,PENDING
/d/28631-guia-de-lazymaxxing-vol-01-looksmaxxea-siendo-huevon,/t/looksmaxing,301,4.5-removal,PENDING
/d/29396-como-hacer-looksmaxxingascender-sin-esfuerzo,/t/looksmaxing,301,4.5-removal,PENDING
/d/29622-guia-de-asimetria-facial,/t/looksmaxing,301,4.5-removal,PENDING
/d/29640-nunca-esta-jodidamente-terminado-looksmaxxing-completo-hgh-y-testosterona-100-natural-todos-gtfih,/t/anabolicos,301,4.5-removal,PENDING
/d/29756-12-grasa-corporal-o-muerte-ponerse-delgado-y-mantenerse-delgado-el-mejor-thread-en-org,/t/looksmaxing,301,4.5-removal,PENDING
/d/29835-guia-para-la-nariz,/t/softmaxing,301,4.5-removal,PENDING
/d/29909-high-iq-como-vencer-la-vidacomo-ponerse-flacocomo-detener-el-sufrimiento,/t/looksmaxing,301,4.5-removal,PENDING
/d/30204-mi-protocolo-de-bronceado-como-subhumano-nordico,/t/softmaxing,301,4.5-removal,PENDING
/d/31123-como-aumente-mi-longitud-5-in-y-circunferencia-75-in-usando-crema-dht,/t/looksmaxing,301,4.5-removal,PENDING
/d/31353-lista-de-compras-de-dieta-primal,/t/looksmaxing,301,4.5-removal,PENDING
/d/31712-la-leche-cruda-es-segura-para-tomar-y-es-la-unica-leche-que-deberias-tomar-jamas,/t/looksmaxing,301,4.5-removal,PENDING
/d/31985-chingaderas-que-comer-actualizado,/t/looksmaxing,301,4.5-removal,PENDING
/d/32059-la-guia-de-noc-kent,/t/softmaxing,301,4.5-removal,PENDING
/d/32086-mi-guia-de-skincare,/t/softmaxing,301,4.5-removal,PENDING
/d/32130-collagenmaxxing-desvanecer-cicatrices-y-pih,/t/softmaxing,301,4.5-removal,PENDING
/d/32289-rotacion-ccw-insana-por-masticar-con-los-dientes-frontales-comparado-con-las-muelas,/t/looksmaxing,301,4.5-removal,PENDING
/d/32350-guia-de-felicidadagua,/t/looksmaxing,301,4.5-removal,PENDING
/d/32453-leanmaxxing-legitimo-como-bajar-de-peso-de-forma-consistente-y-rapida,/t/looksmaxing,301,4.5-removal,PENDING
/d/32589-circulacion-sanguinea,/t/looksmaxing,301,4.5-removal,PENDING
/d/32832-estrategia-de-boost-de-testosterona-y-carga-y-suplementos,/t/anabolicos,301,4.5-removal,PENDING
/d/32875-la-mayoria-de-ustedes-no-son-feos-solo-estan-bioquimicamente-castrados-metanse-aqui,/t/anabolicos,301,4.5-removal,PENDING
/d/32945-suplementos-alternativos-a-adderall-para-aprobar-examenes,/t/looksmaxing,301,4.5-removal,PENDING
/d/33106-guia-de-eyebrowmaxxing,/t/softmaxing,301,4.5-removal,PENDING
/d/33129-gymceando-mi-1-ano-de-exp-skinnycels-gtfih,/t/looksmaxing,301,4.5-removal,PENDING
/d/33145-hgh-guia-casi-completa,/t/anabolicos,301,4.5-removal,PENDING
/d/33259-guia-para-greycels-como-no-ser-un-retrasado,/t/looksmaxing,301,4.5-removal,PENDING
/d/33363-crudo,/t/looksmaxing,301,4.5-removal,PENDING
/d/33573-el-reset-definitivo-de-la-piel,/t/softmaxing,301,4.5-removal,PENDING
/d/33633-ligo-mujeres-solo-con-mi-olor-digno-de-botb,/t/looksmaxing,301,4.5-removal,PENDING
/d/33915-guia-de-esteroides-para-gymcels,/t/anabolicos,301,4.5-removal,PENDING
/d/34493-la-forma-mas-barata-y-facil-de-desincharte-potassiumaxx,/t/softmaxing,301,4.5-removal,PENDING
/d/34661-protocolo-definitivo-de-heightmaxing-66,/t/looksmaxing,301,4.5-removal,PENDING
/d/34823-las-mejores-y-peores-drogas-low-inhib-segun-mi-experiencia-personal,/t/looksmaxing,301,4.5-removal,PENDING
/d/34840-la-unica-guia-de-heightmaxxing-que-necesitas-sin-mamadas-gtfih,/t/looksmaxing,301,4.5-removal,PENDING
/d/35056-como-comprar-y-esconder-gearcompuestos-hilo-de-esfuerzo-medio,/t/anabolicos,301,4.5-removal,PENDING
/d/35243-la-guia-definitiva-de-nootropicos-ten-motivacion-y-estamina-infinitaestudiar-hacer-dinero,/t/looksmaxing,301,4.5-removal,PENDING
/d/35301-alto-iq-respaldado-con-fuentes-arregla-tu-mandibula-recesiva-con-softmaxing,/t/looksmaxing,301,4.5-removal,PENDING
/d/35311-como-deshincharte-por-completoverte-lo-mas-grande-posible-antes-de-un-evento-importante-como-lo-hacen-los-fisicoculturistas-antes-de-una-competencia-alto-esfuerzo,/t/looksmaxing,301,4.5-removal,PENDING
/d/35566-guia-sobre-ho-optimizacion-hormonal,/t/anabolicos,301,4.5-removal,PENDING
/d/35582-pubertymaxxing-la-guia-oculta-de-softmaxxing-la-proxima-guia-es-la-de-los-que-se-desarrollan-tarde,/t/looksmaxing,301,4.5-removal,PENDING
/d/35814-deberias-practicar-la-exposicion-al-frio-por-sus-efectos-brutales-de-anti-envejecimiento-aumento-de-hormonas-y-mejor-animo-para-superarte,/t/looksmaxing,301,4.5-removal,PENDING
/d/36157-stack-duro-teorico-para-altura,/t/anabolicos,301,4.5-removal,PENDING
/d/36179-reporte-mi-experiencia-negativa-con-terapia-de-orina-nunca-bebas-orina-envejecida-es-danina,/t/looksmaxing,301,4.5-removal,PENDING
/d/36414-drenaje-del-sistema-linfatico-fuga-de-primalrevolution,/t/looksmaxing,301,4.5-removal,PENDING
/d/36563-como-sacarle-el-maximo-provecho-al-accutane-deten-los-efectos-secundarios,/t/anabolicos,301,4.5-removal,PENDING
/d/37144-cura-tdah-y-mejora-el-desempeno-estudiantil-con-pescado-crudo-alto-en-omega-3,/t/looksmaxing,301,4.5-removal,PENDING
/d/37199-la-unica-formula-de-dht-maximo-que-jamas-necesitaras,/t/anabolicos,301,4.5-removal,PENDING
/d/37210-como-aumentar-iq-y-diligencia-que-son-los-mejores-predictores-del-exito,/t/looksmaxing,301,4.5-removal,PENDING
/d/37231-una-guia-para-el-uso-de-inhibidores-de-hdac,/t/anabolicos,301,4.5-removal,PENDING
/d/37259-mi-guia-para-crecer-de-51-currycel-a-63-chadpreet-en-menos-de-2-anos-creeme-saar,/t/looksmaxing,301,4.5-removal,PENDING
/d/37755-como-lidiar-con-una-sobremordida,/t/hardmaxing,301,4.5-removal,PENDING
/d/39284-esta-pildora-aumentara-tu-testosterona-total-y-libre,/t/anabolicos,301,4.5-removal,PENDING
/d/39797-guia-rapida-de-frauding-para-looksmaxxers-adolescentes-con-problemas-de-padres-como-esconder-agujas-pedir-peptidos-etc,/t/looksmaxing,301,4.5-removal,PENDING
/d/40247-consejos-y-reglas-para-incels-y-sub5s-santo-grial-para-incels,/t/looksmaxing,301,4.5-removal,PENDING
/d/40789-cascarones-de-huevo-calcio-gratis-que-ustedes-npcs-tiran-a-la-basura,/t/looksmaxing,301,4.5-removal,PENDING
/d/41002-guia-paso-a-paso-como-pedir-almacenar-y-esconder-esteroidespeptidos-como-adolescente,/t/anabolicos,301,4.5-removal,PENDING
/d/41215-accutane,/t/anabolicos,301,4.5-removal,PENDING
/d/41418-drogas-dignas-de-mejorar-tu-apariencia,/t/anabolicos,301,4.5-removal,PENDING
/d/41676-guia-de-mejora-de-habilidades-sociales-para-hmtn,/t/looksmaxing,301,4.5-removal,PENDING
/d/42119-guia-de-dimorfismo-softmax,/t/looksmaxing,301,4.5-removal,PENDING
/d/43302-por-que-tus-ancestros-solian-ser-mejores-que-tu-y-como-imitarlos,/t/looksmaxing,301,4.5-removal,PENDING
/d/43413-guia-para-brain-maxxing-101sin-boludeces,/t/looksmaxing,301,4.5-removal,PENDING
/d/43468-guia-simple-de-ascension-general,/t/looksmaxing,301,4.5-removal,PENDING
/d/43483-la-teoria-oofy-doofy-es-ley-y-la-conclusion-natural-para-personas-no-autistas-cualquiera-que-afirme-tener-blackpill-divina-es-1-retardado-2-maricon,/t/looksmaxing,301,4.5-removal,PENDING
/d/43487-guia-basica-de-hgh,/t/anabolicos,301,4.5-removal,PENDING
/d/43521-guia-ultimate-de-crecimiento-oseo-para-incels-sin-plata-aumentar-masa-osea,/t/looksmaxing,301,4.5-removal,PENDING
/d/43622-como-tener-el-area-de-ojos-de-un-chad,/t/softmaxing,301,4.5-removal,PENDING
/d/44057-deberias-comer-cascaras-de-huevo,/t/looksmaxing,301,4.5-removal,PENDING
/d/44352-mi-experiencia-con-accutane,/t/anabolicos,301,4.5-removal,PENDING
/d/44369-como-aumentar-los-globulos-rojos-de-forma-natural-para-dar-el-efecto-doping,/t/anabolicos,301,4.5-removal,PENDING
/d/44413-modo-mitigacion-la-ciencia-de-mantenerse-saludable-mientras-se-usan-esteroides,/t/anabolicos,301,4.5-removal,PENDING
/d/44585-alimentando-el-crecimiento-el-rol-fisiologico-de-los-macronutrientes-en-la-hipertrofia-muscular-y-el-metabolismo-de-grasas,/t/looksmaxing,301,4.5-removal,PENDING
/d/44835-aburrimiento-mehathread-gtfih,/t/looksmaxing,301,4.5-removal,PENDING
/d/45253-guia-completa-del-area-de-los-ojos,/t/looksmaxing,301,4.5-removal,PENDING
/d/45326-guia-nt-para-entornos-sociales,/t/looksmaxing,301,4.5-removal,PENDING
/d/45601-cascada-de-heightmaxxing,/t/anabolicos,301,4.5-removal,PENDING
/d/45726-como-me-roidmaxxee-a-los-17-para-ser-mas-gracioso-fotos-protocolo,/t/anabolicos,301,4.5-removal,PENDING
/d/45924-butirato-que-es-y-como-afecta-tu-estatura-salud-y-sensibilidad-a-los-androgenos,/t/looksmaxing,301,4.5-removal,PENDING
/d/46399-plan-de-ascension-realista-mogear-para-el-1-de-julio-de-2026,/t/looksmaxing,301,4.5-removal,PENDING
/d/47324-guia-de-cejas,/t/softmaxing,301,4.5-removal,PENDING
/d/47575-mega-guia-de-tretinoina-skincare-antiedad-high-iq,/t/softmaxing,301,4.5-removal,PENDING
/d/47815-guia-corta-para-incels-sobre-como-ser-feliz,/t/looksmaxing,301,4.5-removal,PENDING
/d/48094-como-ocultar-la-caida-del-cabello-y-minimizar-su-apariencia-sin-implantes-durante-tu-adolescencia-y-principios-de-los-20-gtfih,/t/softmaxing,301,4.5-removal,PENDING
/d/48303-guia-definitiva-de-perdida-de-peso-calorias-cardio-suplementos,/t/looksmaxing,301,4.5-removal,PENDING
/d/48435-verduras-plantas-son-inutiles-sacalas-de-tu-dieta-ahora-explicacion,/t/looksmaxing,301,4.5-removal,PENDING
/d/49207-dieta-definitiva-y-algunos-consejos-para-looksmaxxing-longevidad,/t/looksmaxing,301,4.5-removal,PENDING
/d/57850-guia-de-bodymaxing-para-el-skinnyfag-promedio,/t/looksmaxing,301,4.5-removal,PENDING
/d/58291-caracteristicas-del-chico-malo-que-las-mujeres-desean,/t/looksmaxing,301,4.5-removal,PENDING
/d/58324-guia-de-compra-de-face-pullers,/t/softmaxing,301,4.5-removal,PENDING
/d/58355-3-pruebas-rapidas-y-faciles-de-subhumanidad,/t/looksmaxing,301,4.5-removal,PENDING
/d/59344-megahilo-de-gymcelling,/t/looksmaxing,301,4.5-removal,PENDING
/d/60609-mi-guia-gratis-y-facil-para-fatcels-para-bajar-de-peso,/t/looksmaxing,301,4.5-removal,PENDING
/d/61034-gtfih-bonecels-sonido-para-el-crecimiento-oseo,/t/hardmaxing,301,4.5-removal,PENDING
/d/62178-la-guia-heightmax-mas-facil-gtfih,/t/looksmaxing,301,4.5-removal,PENDING
/d/66173-libere-la-guia-de-peptidos-que-deberias-leer,/t/peptides,301,4.5-removal,PENDING
/d/66459-sleepmaxxing,/t/softmaxing,301,4.5-removal,PENDING
