url,title,section,ymyl_flags,reason,destination_301,total_hits
/d/10078-looksmaxea-ya-o-cuelga-la-soga-guia-suicida-para-curries,"LOOKSMAXEA YA O CUELGA LA SOGA: GUÍA SUICIDA PARA CURRIES",looksmaxing,dosing/PED,4.5-sourcing,/t/looksmaxing,9
/d/10106-la-depresion-no-es-un-desequilibrio-en-la-quimica-del-cerebro-sino-un-desequilibrio-en-tu-microbiota-intestinal-y-como-arreglarlo,"La depresión no es un desequilibrio en la química del cerebro  sino un desequilibrio en tu microbiota intestinal (y cómo arreglarlo)",looksmaxing,dosing/PED,4.5-sourcing,/t/looksmaxing,9
/d/10142-guia-para-que-los-blancos-envejezcan-como-un-asiatico,"guía para que los blancos envejezcan como un asiático",softmaxing,sourcing,4.5-sourcing,/t/softmaxing,10
/d/10262-mi-dieta-realista-de-mogger-cero-carbos-y-azucar,"Mi dieta realista de mogger  cero carbos y azúcar.",looksmaxing,sourcing,4.5-sourcing,/t/looksmaxing,6
/d/10434-nutricion-optima-para-un-looksmaxxer-la-mayoria-de-los-consejos-de-nutricion-aqui-son-basura-sera-demasiado-high-iq-para-la-mayoria-de-ustedes,"Nutrición óptima para un Looksmaxxer. (la mayoría de los consejos de nutrición aquí son basura; SERÁ DEMASIADO HIGH IQ PARA LA MAYORÍA DE USTEDES)",looksmaxing,sourcing,4.5-sourcing,/t/looksmaxing,9
/d/10486-la-disminucion-del-atractivo-a-medida-que-envejecemos-es-causada-en-parte-por-la-perdida-y-debilidad-osea-facial,"La Disminución del Atractivo a Medida que Envejecemos Es Causada en Parte por la Pérdida y Debilidad Ósea Facial",looksmaxing,sourcing,4.5-sourcing,/t/looksmaxing,6
/d/10515-el-gran-reinicio-de-dopamina-como-recuperar-el-control-de-tu-vida,"😱😱😱 El Gran Reinicio de Dopamina 😱😱😱 - Cómo recuperar el control de tu vida 🚀",looksmaxing,sourcing,4.5-sourcing,/t/looksmaxing,6
/d/10595-guia-de-como-hacer-que-tu-novia-nunca-te-deje-aunque-chad-la-quiera,"Guía De Cómo Hacer Que Tu Novia Nunca Te Deje (Aunque Chad La Quiera)",looksmaxing,sourcing,4.5-sourcing,/t/looksmaxing,9
/d/1068-como-frenar-y-revertir-el-proceso-de-envejecimiento,"Cómo frenar (y revertir) el proceso de envejecimiento",softmaxing,sourcing,4.5-sourcing,/t/softmaxing,9
/d/10691-guia-definitiva-para-hacer-framemaxxing-botb-pls,"guía definitiva para hacer framemaxxing botb pls",looksmaxing,dosing/PED,4.5-sourcing,/t/looksmaxing,6
/d/1106-el-ciclo-de-randle-posible-respuesta-a-problemas-hormonales-problemas-de-piel-problemas-de-animo,"El Ciclo de Randle - Posible respuesta a Problemas Hormonales  Problemas de Piel  Problemas de Ánimo  ...",looksmaxing,dosing/PED,4.5-sourcing,/t/looksmaxing,9
/d/11200-como-ascender-siendo-adolescente-de-3-psl-a-6-psl-gtfih-todos,"Cómo ascender siendo adolescente de 3 psl a 6 psl. GTFIH todos.",looksmaxing,sourcing,4.5-sourcing,/t/looksmaxing,6
/d/11274-guia-de-leanmaxing-sin-esfuerzo,"Guía de leanmaxing sin esfuerzo",looksmaxing,disordered-eating,4.5-safety,/t/looksmaxing,6
/d/1131-como-construir-hueso-facial-guia-sobre-el-crecimiento-craneofacial-hacia-adelante-y-la-remodelacion-osea-mi-hipotesis,"Cómo construir hueso facial  guía sobre el crecimiento craneofacial hacia adelante y la remodelación ósea. Mi hipótesis.",hardmaxing,dosing/PED,4.5-sourcing,/t/hardmaxing,25
/d/11405-formula-herbal-asiatica-secreta-ht042-para-heightmaxxing,"Fórmula Herbal Asiática Secreta HT042 para Heightmaxxing",peptides,dosing/PED,4.5-sourcing,/t/peptides,11
/d/11502-solucion-real-para-la-testosterona-baja-y-otros-problemas-de-salud,"Solución real para la testosterona baja (y otros problemas de salud)",anabolicos,dosing/PED,4.5-sourcing,/t/anabolicos,24
/d/11583-los-9-tiers-de-ipd-masculino-basados-en-estadisticas,"Los 9 tiers de IPD masculino ( basados en estadísticas )",looksmaxing,sourcing,4.5-sourcing,/t/looksmaxing,9
/d/11694-la-tretinoina-funciona,"La Tretinoína FUNCIONA",softmaxing,dosing/PED,4.5-sourcing,/t/softmaxing,11
/d/11795-como-no-ser-un-tonto-tamanos-de-pene,"Cómo no ser un tonto. Tamaños de pene",looksmaxing,sourcing,4.5-sourcing,/t/looksmaxing,6
/d/1185-como-hacer-un-aparato-face-puller-para-el-face-puller-o-face-bow-de-at-copeandrope,"Cómo hacer un aparato Face Puller para el Face Puller o Face Bow de @CopeAndRope",hardmaxing,sourcing,4.5-sourcing,/t/hardmaxing,9
/d/11930-explicando-la-importancia-del-amor-en-la-adolescencia-copecels-no-hagan-clic,"Explicando la Importancia del Amor en la Adolescencia (Copecels no hagan clic)",looksmaxing,self-harm/hopelessness,4.5-safety,/t/looksmaxing,10
/d/12117-maximizar-hgh-natural-de-verdad-la-unica-mejor-forma-de-hacerlo,"Maximizar HGH natural de verdad. La única mejor forma de hacerlo",anabolicos,dosing/PED,4.5-sourcing,/t/anabolicos,7
/d/12498-como-evitar-los-xenoestrogenos,"¿Cómo evitar los xenoestrógenos?",looksmaxing,sourcing,4.5-sourcing,/t/looksmaxing,3
/d/1272-la-guia-definitiva-de-fragancias-y-feromonas,"La Guía Definitiva de Fragancias y Feromonas",softmaxing,sourcing,4.5-sourcing,/t/softmaxing,9
/d/12993-guia-roidmaxx-manten-tu-cabello,"GUÍA ROIDMAXX MANTÉN TU CABELLO",anabolicos,dosing/PED,4.5-sourcing,/t/anabolicos,6
/d/13060-como-hacer-framemaxx-legitimamente-guia-mega-thread,"Cómo hacer Framemaxx Legítimamente Guía (MEGA THREAD)",looksmaxing,dosing/PED,4.5-sourcing,/t/looksmaxing,6
/d/13129-come-como-un-cavernicola-para-la-estetica-guia-de-dieta,"Come como un CAVERNÍCOLA para la estética. ¡¡GUÍA DE DIETA!!",looksmaxing,sourcing,4.5-sourcing,/t/looksmaxing,4
/d/13202-guia-de-ropemaxxing-heightmaxxing,"GUÍA DE ROPEMAXXING (HEIGHTMAXXING)",looksmaxing,self-harm/hopelessness,4.5-safety,/t/looksmaxing,6
/d/13254-por-que-vitamina-d-y-magnesio-son-esenciales-y-los-has-estado-usando-mal,"Por Qué Vitamina D y Magnesio son ESENCIALES y los has estado USANDO MAL",looksmaxing,dosing/PED,4.5-sourcing,/t/looksmaxing,3
/d/13403-la-tretinoina-es-un-meme-mejor-dermarolea-2mm-y-exfolia-justo-despues,"La tretinoína es un meme. Mejor dermarolea (2mm) y exfolia justo después",softmaxing,DIY-procedure,4.5-sourcing,/t/softmaxing,6
/d/13405-guia-de-universidades-de-eu-con-las-chicas-mas-facilesputas-y-mas-buenas-de-un-slayer-changlite-local,"GUÍA DE UNIVERSIDADES DE E.U. CON LAS CHICAS MÁS FÁCILES/PUTAS Y MÁS BUENAS - DE UN SLAYER CHANGLITE LOCAL",looksmaxing,self-harm/hopelessness,4.5-safety,/t/looksmaxing,6
/d/13455-guia-definitiva-como-volverte-low-inhib-usando-drogas-legales-mi-experiencia-y-consejos,"Guía definitiva: cómo volverte low inhib usando drogas legales (mi experiencia y consejos)",looksmaxing,dosing/PED,4.5-sourcing,/t/looksmaxing,9
/d/13477-la-leche-y-las-hormonas,"La leche y las hormonas",looksmaxing,dosing/PED,4.5-sourcing,/t/looksmaxing,6
/d/1373-no-pierdas-tiempo-promoviendo-el-crecimiento-craniofacial-contra-reloj-en-la-adolescencia-tardia-tecnicas-naturales-y-evidencia-notas-laterales,"(NO PIERDAS TIEMPO) Promoviendo el Crecimiento Craniofacial Contra-Reloj en la Adolescencia Tardía: Técnicas Naturales y Evidencia + Notas Laterales",softmaxing,sourcing,4.5-sourcing,/t/softmaxing,9
/d/13770-como-ser-low-inhib-inhibcels-altos-metanse-aqui,"CÓMO SER LOW INHIB (INHIBCELS ALTOS MÉTANSE AQUÍ)",looksmaxing,sourcing,4.5-sourcing,/t/looksmaxing,9
/d/13851-disminuyendo-prolactina-aumentando-dopamina-naturalmente-high-inhibcells-gtfi,"Disminuyendo Prolactina  Aumentando Dopamina NATURALMENTE (HIGH-INHIBCELLS GTFI)",looksmaxing,dosing/PED,4.5-sourcing,/t/looksmaxing,6
/d/1398-guia-de-looksmaxxing-de-cabello-cabello-bueno-equivale-a-vida-buena,"Guía de Looksmaxxing de Cabello: Cabello Bueno EQUIVALE a Vida Buena",softmaxing,sourcing,4.5-sourcing,/t/softmaxing,9
/d/14018-como-aprovechar-mse-y-face-mask,"Cómo aprovechar MSE y Face Mask",hardmaxing,sourcing,4.5-sourcing,/t/hardmaxing,10
/d/14028-referencia-rapida-de-sarms-para-gymcels-novatos-retrasados,"Referencia rápida de SARMs para gymcels novatos retrasados",anabolicos,dosing/PED,4.5-sourcing,/t/anabolicos,8
/d/14117-desbloqueando-el-poder-de-los-huevos-tu-guia-definitiva-para-la-salud-y-el-bienestar,"Desbloqueando el Poder de los Huevos: Tu Guía Definitiva para la Salud y el Bienestar",looksmaxing,sourcing,4.5-sourcing,/t/looksmaxing,6
/d/14284-como-mejorar-tu-pensamiento-cognitivo,"Cómo Mejorar Tu Pensamiento Cognitivo",looksmaxing,sourcing,4.5-sourcing,/t/looksmaxing,9
/d/14308-7-aromas-que-te-hacen-mas-atractivo-segun-la-ciencia,"7 aromas que te hacen más atractivo  según la ciencia 🧪 💨💕",softmaxing,sourcing,4.5-sourcing,/t/softmaxing,9
/d/14320-15-mejores-alimentos-para-potenciar-los-niveles-de-dht-gtfih,"15 MEJORES ALIMENTOS PARA POTENCIAR LOS NIVELES DE DHT (GTFIH)",anabolicos,dosing/PED,4.5-sourcing,/t/anabolicos,6
/d/14340-accutane-para-principiantes,"Accutane Para Principiantes",looksmaxing,dosing/PED,4.5-sourcing,/t/looksmaxing,9
/d/14413-la-guia-definitiva-natural-para-un-buen-tamano-de-v,"La Guía Definitiva Natural para un Buen Tamaño de V",looksmaxing,dosing/PED,4.5-sourcing,/t/looksmaxing,9
/d/14456-lo-unico-en-lo-que-los-chavos-deben-enfocarse-durante-sus-anos-de-desarrollo-youngcels-gtfih,"Lo único en lo que los chavos deben enfocarse durante sus años de desarrollo [youngcels GTFIH]",looksmaxing,dosing/PED,4.5-sourcing,/t/looksmaxing,7
/d/1448-disolvi-mi-grasa-facial-una-introduccion-a-lemonbottle,"DISOLVÍ MI GRASA FACIAL - UNA INTRODUCCIÓN A LEMONBOTTLE",looksmaxing,dosing/PED,4.5-sourcing,/t/looksmaxing,9
/d/14542-como-replicar-la-luz-solar-de-espectro-completo-en-interiores-la-prueba-definitiva-de-focos-con-datos,"Cómo replicar la luz solar de espectro completo en interiores: ¡La prueba definitiva de focos! (con datos) ☀️⛅️",softmaxing,sourcing,4.5-sourcing,/t/softmaxing,7
/d/14550-como-cualquiera-puede-conseguir-mejillas-hundidas-por-menos-de-100-no-en-serio,"Cómo CUALQUIERA puede conseguir Mejillas Hundidas por menos de 100$ (No  en serio)",softmaxing,dosing/PED,4.5-sourcing,/t/softmaxing,9
/d/1498-mega-thread-de-disolucion-de-grasa,"Mega-Thread de Disolución de Grasa",looksmaxing,dosing/PED,4.5-sourcing,/t/looksmaxing,9
/d/15088-vitaminmaxing-como-las-vitaminas-pueden-cambiar-tu-vida,"VITAMINMAXING - Cómo las vitaminas pueden cambiar tu vida.",softmaxing,dosing/PED,4.5-sourcing,/t/softmaxing,9
/d/1511-como-conseguir-tu-fisico-sonado-sin-efectos-secundarios,"Cómo conseguir tu físico soñado sin efectos secundarios:",peptides,dosing/PED,4.5-sourcing,/t/peptides,9
/d/15202-como-realmente-deshacerse-del-acne-de-una-vez-por-todas-sin-accutane-sin-giladas-que-alguien-entre,"Cómo REALMENTE deshacerse del acné de una vez por todas SIN Accutane (SIN GILADAS  QUE ALGUIEN ENTRE)",softmaxing,sourcing,4.5-sourcing,/t/softmaxing,6
/d/15638-como-estoy-venciendo-el-acne-y-como-podrias-hacerlo-tu-tambien,"Cómo estoy venciendo el acné y cómo podrías hacerlo tú también",softmaxing,dosing/PED,4.5-sourcing,/t/softmaxing,6
/d/15836-importante-balance-de-aminoacidos,"IMPORTANTE - ¡¡¡Balance de Aminoácidos!!!",looksmaxing,dosing/PED,4.5-sourcing,/t/looksmaxing,6
/d/15903-mi-ciclo-de-esteroides-favorito-para-principiantes-de-un-roidcel-con-experiencia-con-fotos,"Mi ciclo de esteroides favorito para principiantes de un roidcel con experiencia con fotos",anabolicos,dosing/PED,4.5-sourcing,/t/anabolicos,9
/d/16048-la-fibra-dietetica-esta-muy-subestimada-y-deberia-aumentarse-significativamente-en-la-dieta,"La fibra dietética está muy subestimada y debería aumentarse significativamente en la dieta.",looksmaxing,dosing/PED,4.5-sourcing,/t/looksmaxing,11
/d/16109-healthmaxxing-contra-judios-esquizo,"HEALTHMAXXING CONTRA JUDÍOS (ESQUIZO)",looksmaxing,dosing/PED,4.5-sourcing,/t/looksmaxing,9
/d/16114-mi-rutina-diaria-de-skincare-de-un-ex-skincel-con-fotos-de-la-ascension,"Mi rutina diaria de skincare de un ex skincel con fotos de la ascensión",softmaxing,disordered-eating,4.5-safety,/t/softmaxing,9
/d/1622-guia-sobre-como-corregir-la-pseudo-ginecomastia-y-reducir-la-ginecomastia-real-permanentemente-sin-cirugia-y-practicamente-sin-tiempo-de-recuperacion,"Guía sobre cómo corregir la pseudo-ginecomastia  y reducir la ginecomastia real permanentemente  sin cirugía  y prácticamente sin tiempo de recuperación.",looksmaxing,dosing/PED,4.5-sourcing,/t/looksmaxing,9
/d/16659-como-elevar-tu-altura-naturalmente,"Cómo elevar tu altura naturalmente",looksmaxing,dosing/PED,4.5-sourcing,/t/looksmaxing,9
/d/1678-posible-cura-para-la-caida-de-cabello-por-que-las-hormonas-no-importan,"Posible cura para la caída de cabello - por qué las hormonas no importan",softmaxing,dosing/PED,4.5-sourcing,/t/softmaxing,10
/d/16832-notas-de-softmaxxing,"NOTAS DE SOFTMAXXING",softmaxing,dosing/PED,4.5-sourcing,/t/softmaxing,3
/d/16966-guia-definitiva-de-perdida-de-grasa-con-quimicos-low-inhib-gtfih,"GUÍA DEFINITIVA DE PÉRDIDA DE GRASA CON QUÍMICOS LOW INHIB GTFIH",looksmaxing,dosing/PED,4.5-sourcing,/t/looksmaxing,3
/d/17081-haz-que-alguien-se-enamore-de-ti,"Haz Que Alguien Se Enamore de Ti",looksmaxing,sourcing,4.5-sourcing,/t/looksmaxing,9
/d/17467-como-usar-hilos-pdo-para-quitar-las-arrugas-de-la-frente,"Cómo usar hilos PDO para quitar las arrugas de la frente",hardmaxing,sourcing,4.5-sourcing,/t/hardmaxing,6
/d/17501-guia-de-cada-vitamina-explicada-megathread,"Guía de Cada Vitamina Explicada [MEGATHREAD]",looksmaxing,dosing/PED,4.5-sourcing,/t/looksmaxing,3
/d/17518-aclarando-la-desinformacion-sobre-hgh,"Aclarando la Desinformación sobre HGH.",anabolicos,dosing/PED,4.5-sourcing,/t/anabolicos,7
/d/17704-beneficios-de-la-eyaculacion-para-el-looksmax,"Beneficios de la Eyaculación para el Looksmax",looksmaxing,dosing/PED,4.5-sourcing,/t/looksmaxing,10
/d/17712-guia-de-simetria-facial-2024,"GUÍA DE SIMETRÍA FACIAL 2024",looksmaxing,self-harm/hopelessness,4.5-safety,/t/looksmaxing,9
/d/17767-guia-aromasin-es-la-clave-para-evitar-los-venenos-judios-todos-entren-ya,"[GUÍA] AROMASIN es la CLAVE para EVITAR los VENENOS JUDÍOS (TODOS ENTREN YA)",anabolicos,dosing/PED,4.5-sourcing,/t/anabolicos,9
/d/17796-la-natacion-es-el-mejor-deporte-para-los-looksmaxxers-y-aqui-te-digo-por-que,"La natación es el mejor deporte para los looksmaxxers y aquí te digo por qué",looksmaxing,sourcing,4.5-sourcing,/t/looksmaxing,7
/d/17855-guia-definitiva-de-la-luz-nunca-antes-vista,"GUÍA DEFINITIVA DE LA LUZ (¡nunca antes vista!)",looksmaxing,dosing/PED,4.5-sourcing,/t/looksmaxing,6
/d/18066-como-ocultar-tus-cirugias,"CÓMO OCULTAR TUS CIRUGÍAS",hardmaxing,self-harm/hopelessness,4.5-safety,/t/hardmaxing,20
/d/18176-la-forma-mas-simple-de-introducir-mas-calcio-a-tu-dieta,"La FORMA MÁS SIMPLE de introducir más CALCIO a tu dieta.",looksmaxing,dosing/PED,4.5-sourcing,/t/looksmaxing,6
/d/18238-mejor-metodo-fucking-para-perder-peso,"MEJOR MÉTODO FUCKING PARA PERDER PESO",looksmaxing,dosing/PED,4.5-sourcing,/t/looksmaxing,6
/d/1844-como-eliminar-el-surco-nasolabial-con-hilos-pdo,"cómo eliminar el surco nasolabial con hilos PDO.",hardmaxing,dosing/PED,4.5-sourcing,/t/hardmaxing,10
/d/18557-gtfih-como-ascender-para-los-curry-bhais-parte-2,"GTFIH CÓMO ASCENDER PARA LOS CURRY BHAIS PARTE 2",looksmaxing,sourcing,4.5-sourcing,/t/looksmaxing,9
/d/18658-como-perder-grasa-peso-segun-el-enfoque-pro-metabolico-de-ray-peat,"Cómo perder GRASA / PESO según el enfoque Pro metabólico de Ray Peat",looksmaxing,sourcing,4.5-sourcing,/t/looksmaxing,5
/d/19110-cuidado-de-la-piel-sin-joder-tus-hormonas,"Cuidado de la piel SIN joder tus hormonas",softmaxing,sourcing,4.5-sourcing,/t/softmaxing,3
/d/19268-crudo-vs-pasteurizado,"Crudo vs Pasteurizado",looksmaxing,sourcing,4.5-sourcing,/t/looksmaxing,6
/d/19278-como-convertirse-en-un-eunuco,"Cómo Convertirse en un Eunuco",hardmaxing,dosing/PED,4.5-sourcing,/t/hardmaxing,3
/d/19587-que-tan-raro-es-cada-rating-de-looks-usando-matematicas-para-determinar-cuanto-mogueas-parte-1,"¿Qué tan raro es cada rating de looks? Usando matemáticas para determinar cuánto mogueas (Parte 1)",looksmaxing,sourcing,4.5-sourcing,/t/looksmaxing,6
/d/19766-guia-de-aromasin-guia-de-inhibidores-de-aromatasa,"GUÍA DE AROMASIN  (Guía de inhibidores de aromatasa)",anabolicos,dosing/PED,4.5-sourcing,/t/anabolicos,7
/d/19928-como-ganar-15kg-33lb-de-masa-de-calidad-en-8-semanas,"Cómo ganar 15KG (33lb) de masa de calidad en 8 semanas",looksmaxing,dosing/PED,4.5-sourcing,/t/looksmaxing,15
/d/20493-todo-lo-que-necesitas-saber-sobre-la-isotretinoina-lo-mas-corto-posible,"todo lo que necesitas saber sobre la isotretinoína (lo más corto posible)",softmaxing,dosing/PED,4.5-sourcing,/t/softmaxing,3
/d/20651-por-que-tu-cara-se-ve-tan-triste-decaida-retardada-simplemente-y-como-arreglarlo-con-higiene-basica-a-menos-que-estes-geneticamente-jodido,"Por qué tu cara se ve tan triste  decaída  retardada simplemente y cómo arreglarlo con higiene básica (a menos que estés genéticamente jodido)",softmaxing,dosing/PED,4.5-sourcing,/t/softmaxing,3
/d/20821-el-metodo-igf-1-como-maximizar-tu-igf-1-de-forma-natural-para-crecer-mas-alto,"El Método IGF-1: Cómo Maximizar tu IGF-1 de Forma Natural para Crecer Más Alto",anabolicos,dosing/PED,4.5-sourcing,/t/anabolicos,7
/d/20861-como-microdosificar-finasterida-con-dosificacion-liquida-volumetrica-es-muy-facil,"Cómo microdosificar finasterida con dosificación líquida volumétrica (es muy fácil)",looksmaxing,dosing/PED,4.5-sourcing,/t/looksmaxing,6
/d/21096-guia-de-maxxing-de-ereccion-del-pene-como-nunca-lidiar-con-sintomas-de-disfuncion-erectil-y-potencialmente-ganar-tamano,"Guía de maxxing de erección del pene: Cómo nunca lidiar con síntomas de disfunción eréctil  y POTENCIALMENTE ganar tamaño",looksmaxing,dosing/PED,4.5-sourcing,/t/looksmaxing,3
/d/2118-como-tener-citas-en-la-prepa-15-17-gtfih,"¿Cómo tener citas en la prepa? (15-17 GTFIH)",looksmaxing,sourcing,4.5-sourcing,/t/looksmaxing,9
/d/21300-por-que-envejeces-glicosilacion-y-ages-asesinos-insidiosos-de-tu-cuerpo,"Por Qué Envejeces: Glicosilación y A.G.E.s - Asesinos Insidiosos de Tu Cuerpo",looksmaxing,sourcing,4.5-sourcing,/t/looksmaxing,10
/d/21434-como-realmente-aumentar-tu-testosterona-de-forma-natural,"Cómo REALMENTE aumentar tu testosterona DE FORMA NATURAL",anabolicos,dosing/PED,4.5-sourcing,/t/anabolicos,6
/d/21549-mi-rutina-basica-para-los-labios-delgadolabios-gtfih,"Mi rutina básica para los labios; delgadolabios GTFIH",softmaxing,dosing/PED,4.5-sourcing,/t/softmaxing,6
/d/21843-como-el-ayuno-aumentara-la-hormona-del-crecimiento,"Cómo el ayuno aumentará la hormona del crecimiento",looksmaxing,dosing/PED,4.5-sourcing,/t/looksmaxing,3
/d/21952-como-convertirse-en-un-chad-guia-completa-de-looksmaxxing,"CÓMO CONVERTIRSE EN UN CHAD (GUÍA COMPLETA DE LOOKSMAXXING)",looksmaxing,self-harm/hopelessness,4.5-safety,/t/looksmaxing,9
/d/23289-hilo-muy-raro-sub5incel125-highiq-gymmaxxing-101,"Hilo muy raro sub5incel125 Highiq. Gymmaxxing 101.",looksmaxing,disordered-eating,4.5-safety,/t/looksmaxing,10
/d/23387-hilo-de-agua-de-soft-maxes-sin-cope,"Hilo de agua de soft maxes (sin cope)",softmaxing,sourcing,4.5-sourcing,/t/softmaxing,9
/d/23777-guia-del-calostro-los-beneficios-del-oro-liquido,"Guía del Calostro: Los Beneficios del Oro Líquido",looksmaxing,dosing/PED,4.5-sourcing,/t/looksmaxing,9
/d/24287-guia-definitiva-sobre-como-tu-dieta-afecta-tu-crecimiento,"Guía definitiva sobre cómo tu dieta afecta tu crecimiento",looksmaxing,sourcing,4.5-sourcing,/t/looksmaxing,4
/d/25015-el-hilo-definitivo-de-softmax-gtfihhh,"El hilo definitivo de softmax GTFIHHH",softmaxing,disordered-eating,4.5-safety,/t/softmaxing,6
/d/25149-voicemaxxing-guia-a-fondo-para-alcanzar-97-hz,"Voicemaxxing: Guía a fondo para alcanzar 97 hz",looksmaxing,dosing/PED,4.5-sourcing,/t/looksmaxing,9
/d/25254-guia-facil-de-colageno,"Guía fácil de colágeno",looksmaxing,dosing/PED,4.5-sourcing,/t/looksmaxing,6
/d/25508-como-aniquilar-la-ansiedad-social-con-imaos-una-guia-practica,"Cómo aniquilar la ansiedad social con IMAOs: Una guía práctica",looksmaxing,dosing/PED,4.5-sourcing,/t/looksmaxing,19
/d/25562-la-guia-de-heightmaxxing-mas-corta-sin-cope,"la guía de heightmaxxing más corta sin cope",anabolicos,dosing/PED,4.5-sourcing,/t/anabolicos,5
/d/2579-todo-lo-que-necesitas-saber-para-tener-un-cabello-sano-todos-gtfih-guia-definitiva-de-hairmaxxing,"TODO LO QUE NECESITAS SABER PARA TENER UN CABELLO SANO (TODOS GTFIH) GUÍA DEFINITIVA DE HAIRMAXXING",softmaxing,sourcing,4.5-sourcing,/t/softmaxing,9
/d/2631-una-guia-sobre-como-usar-bimatoprost-latisse-con-minimos-o-nulos-efectos-secundarios-gtfih-para-lashmaxxear,"Una guía sobre cómo usar Bimatoprost (Latisse) con mínimos o nulos efectos secundarios GTFIH para lashmaxxear",softmaxing,sourcing,4.5-sourcing,/t/softmaxing,10
/d/26442-forma-simple-de-reducir-la-inflamacion,"Forma simple de reducir la inflamación",looksmaxing,dosing/PED,4.5-sourcing,/t/looksmaxing,3
/d/2654-lee-esto-antes-de-comprar-en-indiamart-para-paises-de-la-ue,"Lee esto antes de comprar en Indiamart (para países de la UE)",looksmaxing,sourcing,4.5-sourcing,/t/looksmaxing,10
/d/26561-mi-experiencia-con-80mg-de-lasix-y-400mg-de-pregabalina,"Mi experiencia con 80mg de Lasix y 400mg de Pregabalina",anabolicos,dosing/PED,4.5-sourcing,/t/anabolicos,4
/d/26937-el-perfecto-dia-de-comida,"EL PERFECTO DÍA DE COMIDA",looksmaxing,sourcing,4.5-sourcing,/t/looksmaxing,12
/d/27182-el-truco-del-bicarbonato-de-sodio-pre-entrenamiento-una-guia-breve,"El truco del bicarbonato de sodio pre-entrenamiento: Una guía breve",looksmaxing,dosing/PED,4.5-sourcing,/t/looksmaxing,5
/d/28095-alimentos-que-suben-la-testo,"ALIMENTOS QUE SUBEN LA TESTO",looksmaxing,dosing/PED,4.5-sourcing,/t/looksmaxing,6
/d/28315-como-arregle-mi-acne,"CÓMO ARREGLÉ MI ACNÉ",softmaxing,dosing/PED,4.5-sourcing,/t/softmaxing,3
/d/2832-como-hacer-gymmax-correctamente,"Cómo hacer gymmax correctamente",looksmaxing,disordered-eating,4.5-safety,/t/looksmaxing,9
/d/28326-tutorial-para-greycels-greycels-gtfih,"Tutorial para Greycels (GREYCELS GTFIH)",looksmaxing,sourcing,4.5-sourcing,/t/looksmaxing,6
/d/28509-expansor-palatino-complicaciones-y-riesgos-potenciales-leelo-antes-de-instalarlo-gtfih,"EXPANSOR PALATINO. COMPLICACIONES y RIESGOS potenciales!!! (léelo antes de instalarlo) GTFIH",hardmaxing,sourcing,4.5-sourcing,/t/hardmaxing,9
/d/28621-una-guia-de-donde-conseguir-hormonas-inaccesibles-hghhcg-sin-receta,"Una guía de dónde conseguir hormonas inaccesibles!!! (HGH/HCG SIN RECETA)",anabolicos,dosing/PED,4.5-sourcing,/t/anabolicos,6
/d/28631-guia-de-lazymaxxing-vol-01-looksmaxxea-siendo-huevon,"GUÍA DE LAZYMAXXING [VOL 0.1] ¡Looksmaxxea siendo huevón!",looksmaxing,self-harm/hopelessness,4.5-safety,/t/looksmaxing,6
/d/291-como-blanquee-mis-dientes-mejor-que-un-dentista-fotos,"Cómo BLANQUEÉ mis dientes MEJOR que un DENTISTA +*FOTOS*",softmaxing,sourcing,4.5-sourcing,/t/softmaxing,9
/d/29396-como-hacer-looksmaxxingascender-sin-esfuerzo,"Cómo hacer looksmaxxing/ascender sin esfuerzo",looksmaxing,dosing/PED,4.5-sourcing,/t/looksmaxing,3
/d/29622-guia-de-asimetria-facial,"GUÍA DE ASIMETRÍA FACIAL",looksmaxing,sourcing,4.5-sourcing,/t/looksmaxing,7
/d/29640-nunca-esta-jodidamente-terminado-looksmaxxing-completo-hgh-y-testosterona-100-natural-todos-gtfih,"NUNCA ESTÁ JODIDAMENTE TERMINADO: LOOKSMAXXING COMPLETO HGH Y TESTOSTERONA 100% NATURAL (todos  GTFIH)",anabolicos,dosing/PED,4.5-sourcing,/t/anabolicos,6
/d/29756-12-grasa-corporal-o-muerte-ponerse-delgado-y-mantenerse-delgado-el-mejor-thread-en-org,"12% grasa corporal o MUERTE: Ponerse delgado y MANTENERSE delgado (el mejor thread en .org)",looksmaxing,sourcing,4.5-sourcing,/t/looksmaxing,6
/d/29835-guia-para-la-nariz,"Guía para la nariz",softmaxing,sourcing,4.5-sourcing,/t/softmaxing,3
/d/29909-high-iq-como-vencer-la-vidacomo-ponerse-flacocomo-detener-el-sufrimiento,"(HIGH IQ) - Cómo vencer la vida/cómo ponerse flaco/cómo detener el sufrimiento",looksmaxing,self-harm/hopelessness,4.5-safety,/t/looksmaxing,7
/d/30204-mi-protocolo-de-bronceado-como-subhumano-nordico,"Mi Protocolo de Bronceado como Subhumano Nórdico",softmaxing,dosing/PED,4.5-sourcing,/t/softmaxing,6
/d/31123-como-aumente-mi-longitud-5-in-y-circunferencia-75-in-usando-crema-dht,"Cómo aumenté mi longitud ~ .5 in y circunferencia .75 in usando crema DHT",looksmaxing,dosing/PED,4.5-sourcing,/t/looksmaxing,11
/d/31353-lista-de-compras-de-dieta-primal,"LISTA DE COMPRAS DE DIETA PRIMAL 👁️👁️",looksmaxing,dosing/PED,4.5-sourcing,/t/looksmaxing,10
/d/31712-la-leche-cruda-es-segura-para-tomar-y-es-la-unica-leche-que-deberias-tomar-jamas,"La LECHE CRUDA es SEGURA para tomar  y es la ÚNICA leche que deberías tomar JAMÁS.",looksmaxing,sourcing,4.5-sourcing,/t/looksmaxing,20
/d/31985-chingaderas-que-comer-actualizado,"chingaderas que comer (actualizado)",looksmaxing,dosing/PED,4.5-sourcing,/t/looksmaxing,7
/d/32059-la-guia-de-noc-kent,"La guía de Noc kent",softmaxing,dosing/PED,4.5-sourcing,/t/softmaxing,9
/d/32086-mi-guia-de-skincare,"Mi guía de skincare",softmaxing,sourcing,4.5-sourcing,/t/softmaxing,10
/d/32130-collagenmaxxing-desvanecer-cicatrices-y-pih,"CollagenMAXXING (Desvanecer CICATRICES y PIH)",softmaxing,dosing/PED,4.5-sourcing,/t/softmaxing,6
/d/32289-rotacion-ccw-insana-por-masticar-con-los-dientes-frontales-comparado-con-las-muelas,"Rotación CCW insana por masticar con los dientes frontales comparado con las muelas.",looksmaxing,sourcing,4.5-sourcing,/t/looksmaxing,14
/d/32350-guia-de-felicidadagua,"Guía de felicidad(agua)",looksmaxing,self-harm/hopelessness,4.5-safety,/t/looksmaxing,6
/d/32453-leanmaxxing-legitimo-como-bajar-de-peso-de-forma-consistente-y-rapida,"Leanmaxxing legítimo - cómo bajar de peso de forma consistente y rápida",looksmaxing,disordered-eating,4.5-safety,/t/looksmaxing,3
/d/32589-circulacion-sanguinea,"Circulación Sanguínea",looksmaxing,sourcing,4.5-sourcing,/t/looksmaxing,5
/d/32832-estrategia-de-boost-de-testosterona-y-carga-y-suplementos,"Estrategia de boost de testosterona y carga  y suplementos",anabolicos,dosing/PED,4.5-sourcing,/t/anabolicos,6
/d/32875-la-mayoria-de-ustedes-no-son-feos-solo-estan-bioquimicamente-castrados-metanse-aqui,"La mayoría de ustedes no son feos  solo están bioquímicamente castrados (METANSE AQUÍ)",anabolicos,dosing/PED,4.5-sourcing,/t/anabolicos,8
/d/32945-suplementos-alternativos-a-adderall-para-aprobar-examenes,"SUPLEMENTOS ALTERNATIVOS A ADDERALL PARA APROBAR EXÁMENES",looksmaxing,dosing/PED,4.5-sourcing,/t/looksmaxing,1
/d/33106-guia-de-eyebrowmaxxing,"Guía de Eyebrowmaxxing",softmaxing,sourcing,4.5-sourcing,/t/softmaxing,15
/d/33129-gymceando-mi-1-ano-de-exp-skinnycels-gtfih,"GYMCEANDO MI 1 AÑO DE EXP (SKINNYCELS GTFIH)",looksmaxing,disordered-eating,4.5-safety,/t/looksmaxing,6
/d/33145-hgh-guia-casi-completa,"HGH guía (casi) completa",anabolicos,dosing/PED,4.5-sourcing,/t/anabolicos,6
/d/3316-gymmax-solo-principiantes,"Gymmax [SOLO PRINCIPIANTES]",looksmaxing,sourcing,4.5-sourcing,/t/looksmaxing,6
/d/33259-guia-para-greycels-como-no-ser-un-retrasado,"Guía para Greycels: Cómo no ser un retrasado",looksmaxing,sourcing,4.5-sourcing,/t/looksmaxing,16
/d/33363-crudo,crudo,looksmaxing,sourcing,4.5-sourcing,/t/looksmaxing,15
/d/33573-el-reset-definitivo-de-la-piel,"El Reset Definitivo de la Piel",softmaxing,sourcing,4.5-sourcing,/t/softmaxing,3
/d/33633-ligo-mujeres-solo-con-mi-olor-digno-de-botb,"ligo mujeres solo con mi olor (¿¿DIGNO DE BOTB??)",looksmaxing,disordered-eating,4.5-safety,/t/looksmaxing,12
/d/3374-como-elegir-el-procedimiento-correcto-de-levantamiento-o-aumento-de-labios,"Cómo Elegir el Procedimiento Correcto de Levantamiento o Aumento de Labios",hardmaxing,sourcing,4.5-sourcing,/t/hardmaxing,33
/d/3377-curso-expres-quien-va-a-ascender-con-cirugia-ortognatica-y-quien-probablemente-no,"[Curso Exprés] Quién va a ascender con cirugía ortognática y quién probablemente no",hardmaxing,sourcing,4.5-sourcing,/t/hardmaxing,9
/d/33915-guia-de-esteroides-para-gymcels,"Guía de esteroides para gymcels",anabolicos,dosing/PED,4.5-sourcing,/t/anabolicos,7
/d/34493-la-forma-mas-barata-y-facil-de-desincharte-potassiumaxx,"La forma más barata y fácil de desincharte / Potassiumaxx",softmaxing,dosing/PED,4.5-sourcing,/t/softmaxing,3
/d/34661-protocolo-definitivo-de-heightmaxing-66,"PROTOCOLO DEFINITIVO DE HEIGHTMAXING (6'6)",looksmaxing,dosing/PED,4.5-sourcing,/t/looksmaxing,15
/d/34823-las-mejores-y-peores-drogas-low-inhib-segun-mi-experiencia-personal,"Las Mejores Y Peores Drogas Low Inhib Según Mi Experiencia Personal",looksmaxing,sourcing,4.5-sourcing,/t/looksmaxing,6
/d/34840-la-unica-guia-de-heightmaxxing-que-necesitas-sin-mamadas-gtfih,"La única guía de heightmaxxing que necesitas ( SIN MAMADAS GTFIH )",looksmaxing,dosing/PED,4.5-sourcing,/t/looksmaxing,3
/d/35056-como-comprar-y-esconder-gearcompuestos-hilo-de-esfuerzo-medio,"CÓMO COMPRAR Y ESCONDER GEAR/COMPUESTOS (HILO DE ESFUERZO MEDIO)",anabolicos,sourcing,4.5-sourcing,/t/anabolicos,14
/d/35243-la-guia-definitiva-de-nootropicos-ten-motivacion-y-estamina-infinitaestudiar-hacer-dinero,"La guía DEFINITIVA de nootrópicos - ten motivación y estamina infinita(estudiar + hacer dinero)",looksmaxing,dosing/PED,4.5-sourcing,/t/looksmaxing,8
/d/35301-alto-iq-respaldado-con-fuentes-arregla-tu-mandibula-recesiva-con-softmaxing,"[ALTO IQ  RESPALDADO CON FUENTES] Arregla tu mandíbula recesiva con softmaxing",looksmaxing,sourcing,4.5-sourcing,/t/looksmaxing,3
/d/35311-como-deshincharte-por-completoverte-lo-mas-grande-posible-antes-de-un-evento-importante-como-lo-hacen-los-fisicoculturistas-antes-de-una-competencia-alto-esfuerzo,"Cómo deshincharte por completo+verte lo más grande posible antes de un evento importante como lo hacen los fisicoculturistas antes de una competencia (ALTO ESFUERZO)",looksmaxing,sourcing,4.5-sourcing,/t/looksmaxing,3
/d/35566-guia-sobre-ho-optimizacion-hormonal,"Guía sobre HO (Optimización Hormonal)",anabolicos,dosing/PED,4.5-sourcing,/t/anabolicos,6
/d/35582-pubertymaxxing-la-guia-oculta-de-softmaxxing-la-proxima-guia-es-la-de-los-que-se-desarrollan-tarde,"Pubertymaxxing  la guía oculta de softmaxxing... La próxima guía es la de \"Los que se desarrollan tarde\".",looksmaxing,dosing/PED,4.5-sourcing,/t/looksmaxing,1
/d/35814-deberias-practicar-la-exposicion-al-frio-por-sus-efectos-brutales-de-anti-envejecimiento-aumento-de-hormonas-y-mejor-animo-para-superarte,"Deberías practicar la exposición al frío por sus efectos brutales de anti envejecimiento  aumento de hormonas y mejor ánimo para superarte.",looksmaxing,sourcing,4.5-sourcing,/t/looksmaxing,10
/d/36157-stack-duro-teorico-para-altura,"STACK DURO TEÓRICO PARA ALTURA",anabolicos,dosing/PED,4.5-sourcing,/t/anabolicos,9
/d/36179-reporte-mi-experiencia-negativa-con-terapia-de-orina-nunca-bebas-orina-envejecida-es-danina,"Reporte. Mi experiencia negativa con terapia de orina. Nunca bebas orina envejecida  es dañina.",looksmaxing,disordered-eating,4.5-safety,/t/looksmaxing,6
/d/3633-creacion-del-aparato-dowden-v1-jala-tu-maxilar-hacia-adelante,"Creación del aparato Dowden V1 - Jala tu maxilar hacia adelante",hardmaxing,sourcing,4.5-sourcing,/t/hardmaxing,9
/d/36414-drenaje-del-sistema-linfatico-fuga-de-primalrevolution,"Drenaje del sistema linfático (fuga de primalrevolution)",looksmaxing,disordered-eating,4.5-safety,/t/looksmaxing,3
/d/3642-la-ciencia-detras-del-no-fap-megahilo,"La Ciencia Detrás del No-Fap [Megahilo]",looksmaxing,dosing/PED,4.5-sourcing,/t/looksmaxing,9
/d/36563-como-sacarle-el-maximo-provecho-al-accutane-deten-los-efectos-secundarios,"Cómo sacarle el máximo provecho al Accutane (Detén los efectos secundarios)",anabolicos,dosing/PED,4.5-sourcing,/t/anabolicos,8
/d/37144-cura-tdah-y-mejora-el-desempeno-estudiantil-con-pescado-crudo-alto-en-omega-3,"¡Cura TDAH y mejora el desempeño estudiantil con pescado crudo alto en omega 3!",looksmaxing,dosing/PED,4.5-sourcing,/t/looksmaxing,4
/d/37199-la-unica-formula-de-dht-maximo-que-jamas-necesitaras,"La única fórmula de DHT máximo que jamás necesitarás.",anabolicos,dosing/PED,4.5-sourcing,/t/anabolicos,7
/d/37210-como-aumentar-iq-y-diligencia-que-son-los-mejores-predictores-del-exito,"Cómo aumentar IQ y diligencia que son los mejores predictores del éxito.",looksmaxing,dosing/PED,4.5-sourcing,/t/looksmaxing,28
/d/37231-una-guia-para-el-uso-de-inhibidores-de-hdac,"Una guía para el uso de inhibidores de HDAC",anabolicos,dosing/PED,4.5-sourcing,/t/anabolicos,6
/d/37259-mi-guia-para-crecer-de-51-currycel-a-63-chadpreet-en-menos-de-2-anos-creeme-saar,"Mi guía para crecer de 5'1 currycel a 6'3 chadpreet en menos de 2 años ¡créeme saar!",looksmaxing,dosing/PED,4.5-sourcing,/t/looksmaxing,6
/d/3748-como-ser-un-macho-alfa-como-un-hombre-negro,"Cómo ser un macho alfa como un hombre negro",looksmaxing,dosing/PED,4.5-sourcing,/t/looksmaxing,9
/d/3757-phenopill-nortico-atlantido,"[PhenoPill] Nórtico-atlántido",looksmaxing,sourcing,4.5-sourcing,/t/looksmaxing,10
/d/37755-como-lidiar-con-una-sobremordida,"Cómo lidiar con una sobremordida",hardmaxing,sourcing,4.5-sourcing,/t/hardmaxing,6
/d/39284-esta-pildora-aumentara-tu-testosterona-total-y-libre,"Esta píldora aumentará tu testosterona total y libre",anabolicos,dosing/PED,4.5-sourcing,/t/anabolicos,6
/d/39797-guia-rapida-de-frauding-para-looksmaxxers-adolescentes-con-problemas-de-padres-como-esconder-agujas-pedir-peptidos-etc,"guía rápida de frauding para looksmaxxers adolescentes con problemas de padres (cómo esconder agujas  pedir péptidos  etc.)",looksmaxing,sourcing,4.5-sourcing,/t/looksmaxing,18
/d/40247-consejos-y-reglas-para-incels-y-sub5s-santo-grial-para-incels,"consejos y reglas para incels y sub5s (santo grial para incels)",looksmaxing,disordered-eating,4.5-safety,/t/looksmaxing,15
/d/40789-cascarones-de-huevo-calcio-gratis-que-ustedes-npcs-tiran-a-la-basura,"Cascarones de huevo – Calcio gratis que ustedes NPCs tiran a la basura",looksmaxing,dosing/PED,4.5-sourcing,/t/looksmaxing,15
/d/41002-guia-paso-a-paso-como-pedir-almacenar-y-esconder-esteroidespeptidos-como-adolescente,"Guía Paso a Paso: Cómo Pedir  Almacenar y Esconder esteroides/péptidos como Adolescente",anabolicos,sourcing,4.5-sourcing,/t/anabolicos,14
/d/41215-accutane,Accutane,anabolicos,disordered-eating,4.5-safety,/t/anabolicos,6
/d/41418-drogas-dignas-de-mejorar-tu-apariencia,"Drogas dignas de mejorar tu apariencia.",anabolicos,dosing/PED,4.5-sourcing,/t/anabolicos,26
/d/41676-guia-de-mejora-de-habilidades-sociales-para-hmtn,"Guía de Mejora de Habilidades Sociales (para HMTN+)",looksmaxing,self-harm/hopelessness,4.5-safety,/t/looksmaxing,6
/d/42119-guia-de-dimorfismo-softmax,"Guía De Dimorfismo Softmax",looksmaxing,dosing/PED,4.5-sourcing,/t/looksmaxing,6
/d/43302-por-que-tus-ancestros-solian-ser-mejores-que-tu-y-como-imitarlos,"Por qué tus ancestros solían ser mejores que tú y cómo imitarlos.",looksmaxing,sourcing,4.5-sourcing,/t/looksmaxing,6
/d/43413-guia-para-brain-maxxing-101sin-boludeces,"Guía para BRAIN MAXXING 101(SIN BOLUDECES)",looksmaxing,sourcing,4.5-sourcing,/t/looksmaxing,3
/d/43468-guia-simple-de-ascension-general,"Guía Simple de Ascensión General",looksmaxing,dosing/PED,4.5-sourcing,/t/looksmaxing,3
/d/43483-la-teoria-oofy-doofy-es-ley-y-la-conclusion-natural-para-personas-no-autistas-cualquiera-que-afirme-tener-blackpill-divina-es-1-retardado-2-maricon,"La teoría Oofy Doofy es ley y la conclusión natural para personas no autistas. Cualquiera que afirme tener ""blackpill divina"" es (1) retardado (2) maricón.",looksmaxing,sourcing,4.5-sourcing,/t/looksmaxing,6
/d/43487-guia-basica-de-hgh,"Guía Básica de HGH",anabolicos,dosing/PED,4.5-sourcing,/t/anabolicos,33
/d/43521-guia-ultimate-de-crecimiento-oseo-para-incels-sin-plata-aumentar-masa-osea,"🔹 GUÍA ULTIMATE de crecimiento óseo PARA INCELS SIN PLATA (Aumentar masa ósea)",looksmaxing,dosing/PED,4.5-sourcing,/t/looksmaxing,8
/d/43622-como-tener-el-area-de-ojos-de-un-chad,"Cómo tener el área de ojos de un Chad",softmaxing,dosing/PED,4.5-sourcing,/t/softmaxing,5
/d/44057-deberias-comer-cascaras-de-huevo,"¿Deberías Comer Cáscaras De Huevo?",looksmaxing,dosing/PED,4.5-sourcing,/t/looksmaxing,3
/d/4426-la-dieta-carnivora-la-blackpill-perdida,"~ La dieta carnívora ~ La blackpill perdida~",looksmaxing,sourcing,4.5-sourcing,/t/looksmaxing,9
/d/44352-mi-experiencia-con-accutane,"Mi experiencia con Accutane",anabolicos,dosing/PED,4.5-sourcing,/t/anabolicos,6
/d/44369-como-aumentar-los-globulos-rojos-de-forma-natural-para-dar-el-efecto-doping,"Cómo aumentar los glóbulos rojos de forma natural para dar el efecto (doping).",anabolicos,dosing/PED,4.5-sourcing,/t/anabolicos,7
/d/44413-modo-mitigacion-la-ciencia-de-mantenerse-saludable-mientras-se-usan-esteroides,"Modo Mitigación: La Ciencia de Mantenerse Saludable Mientras se Usan Esteroides",anabolicos,dosing/PED,4.5-sourcing,/t/anabolicos,3
/d/44585-alimentando-el-crecimiento-el-rol-fisiologico-de-los-macronutrientes-en-la-hipertrofia-muscular-y-el-metabolismo-de-grasas,"Alimentando el Crecimiento: El Rol Fisiológico de los Macronutrientes en la Hipertrofia Muscular y el Metabolismo de Grasas",looksmaxing,sourcing,4.5-sourcing,/t/looksmaxing,3
/d/44835-aburrimiento-mehathread-gtfih,"ABURRIMIENTO MEHATHREAD GTFIH",looksmaxing,dosing/PED,4.5-sourcing,/t/looksmaxing,6
/d/45253-guia-completa-del-area-de-los-ojos,"Guía Completa del Área de los Ojos",looksmaxing,sourcing,4.5-sourcing,/t/looksmaxing,7
/d/45326-guia-nt-para-entornos-sociales,"Guía NT para entornos sociales",looksmaxing,self-harm/hopelessness,4.5-safety,/t/looksmaxing,19
/d/45601-cascada-de-heightmaxxing,"CASCADA de Heightmaxxing",anabolicos,dosing/PED,4.5-sourcing,/t/anabolicos,17
/d/45726-como-me-roidmaxxee-a-los-17-para-ser-mas-gracioso-fotos-protocolo,"Cómo me roidmaxxeé a los 17 para ser más gracioso (fotos  +protocolo)",anabolicos,dosing/PED,4.5-sourcing,/t/anabolicos,15
/d/45924-butirato-que-es-y-como-afecta-tu-estatura-salud-y-sensibilidad-a-los-androgenos,"Butirato - ¿Qué es? Y cómo afecta tu ESTATURA  SALUD y SENSIBILIDAD A LOS ANDRÓGENOS",looksmaxing,dosing/PED,4.5-sourcing,/t/looksmaxing,3
/d/46399-plan-de-ascension-realista-mogear-para-el-1-de-julio-de-2026,"Plan de ascensión realista - MOGear para el 1 de julio de 2026",looksmaxing,dosing/PED,4.5-sourcing,/t/looksmaxing,6
/d/4723-como-lograr-una-cara-dismorfica,"Cómo lograr una cara dismórfica",looksmaxing,dosing/PED,4.5-sourcing,/t/looksmaxing,10
/d/47324-guia-de-cejas,"Guía de Cejas",softmaxing,sourcing,4.5-sourcing,/t/softmaxing,3
/d/47575-mega-guia-de-tretinoina-skincare-antiedad-high-iq,"MEGA GUÍA DE TRETINOÍNA SKINCARE ANTIEDAD HIGH IQ",softmaxing,disordered-eating,4.5-safety,/t/softmaxing,19
/d/47815-guia-corta-para-incels-sobre-como-ser-feliz,"Guía corta para incels sobre cómo ser feliz",looksmaxing,self-harm/hopelessness,4.5-safety,/t/looksmaxing,6
/d/48094-como-ocultar-la-caida-del-cabello-y-minimizar-su-apariencia-sin-implantes-durante-tu-adolescencia-y-principios-de-los-20-gtfih,"Cómo ocultar la caída del cabello y minimizar su apariencia sin implantes durante tu adolescencia y principios de los 20. GTFIH",softmaxing,dosing/PED,4.5-sourcing,/t/softmaxing,6
/d/48303-guia-definitiva-de-perdida-de-peso-calorias-cardio-suplementos,"Guía Definitiva de Pérdida de Peso (Calorías  Cardio  Suplementos)",looksmaxing,dosing/PED,4.5-sourcing,/t/looksmaxing,8
/d/48435-verduras-plantas-son-inutiles-sacalas-de-tu-dieta-ahora-explicacion,"VERDURAS (PLANTAS) SON INÚTILES SÁCALAS DE TU DIETA AHORA (EXPLICACIÓN)",looksmaxing,sourcing,4.5-sourcing,/t/looksmaxing,3
/d/4879-immunity-maxxing-como-mejorar-tu-inmunidad-y-convertirte-en-un-superhombre,"Immunity maxxing - Cómo mejorar tu inmunidad y convertirte en un superhombre",looksmaxing,dosing/PED,4.5-sourcing,/t/looksmaxing,7
/d/49207-dieta-definitiva-y-algunos-consejos-para-looksmaxxing-longevidad,"Dieta definitiva y algunos consejos para looksmaxxing + longevidad",looksmaxing,sourcing,4.5-sourcing,/t/looksmaxing,3
/d/4950-aumento-facil-de-005-01psl-ojicels-de-cafe-oscuro-entren-aqui-a-la-verga,"Aumento fácil de 0.05-0.1PSL (OJICELS DE CAFÉ OSCURO ENTREN AQUÍ A LA VERGA)",softmaxing,sourcing,4.5-sourcing,/t/softmaxing,9
/d/5047-guia-nt,"Guía NT",looksmaxing,self-harm/hopelessness,4.5-safety,/t/looksmaxing,6
/d/5145-stack-de-heightmaxing-closedplatecels-gtfih,"stack de heightmaxing. closedplatecels GTFIH",looksmaxing,dosing/PED,4.5-sourcing,/t/looksmaxing,10
/d/5175-dientes-blancos-de-tiktok-por-4,"Dientes Blancos de TikTok por $4",softmaxing,disordered-eating,4.5-safety,/t/softmaxing,6
/d/5225-lista-de-comida-de-chad,"Lista de comida de Chad",looksmaxing,sourcing,4.5-sourcing,/t/looksmaxing,6
/d/5275-guia-definitiva-de-heightmax-barato,"Guía DEFINITIVA de Heightmax Barato",looksmaxing,dosing/PED,4.5-sourcing,/t/looksmaxing,6
/d/5487-maxing-de-te-verde,"Maxing de té verde",looksmaxing,sourcing,4.5-sourcing,/t/looksmaxing,6
/d/5502-guia-nt-fundamentos,"Guía NT - Fundamentos",looksmaxing,disordered-eating,4.5-safety,/t/looksmaxing,6
/d/5598-microneedling-para-la-caida-del-cabello,"Microneedling para la caída del cabello",softmaxing,sourcing,4.5-sourcing,/t/softmaxing,7
/d/5629-la-leccion-y-looksmax-mas-importante-de-esta-pagina-nunca-te-quedes-calvo-estudio-de-caso-del-hombre-promedio-y-por-que-la-mayoria-de-los-normies-no-actuan-ni-siquiera-hoy,"La lección y looksmax más importante de esta página - nunca te quedes calvo. Estudio de caso del hombre promedio y por qué la mayoría de los Normies no actúan ni siquiera hoy",softmaxing,self-harm/hopelessness,4.5-safety,/t/softmaxing,9
/d/5773-guia-de-testosterona,"Guía de testosterona.",anabolicos,dosing/PED,4.5-sourcing,/t/anabolicos,7
/d/57850-guia-de-bodymaxing-para-el-skinnyfag-promedio,"Guía de Bodymaxing Para el Skinnyfag Promedio",looksmaxing,sourcing,4.5-sourcing,/t/looksmaxing,3
/d/5811-todo-lo-que-siempre-necesitabas-saber-sobre-looksmax,"TODO LO QUE SIEMPRE NECESITABAS SABER SOBRE LOOKSMAX",looksmaxing,sourcing,4.5-sourcing,/t/looksmaxing,8
/d/58291-caracteristicas-del-chico-malo-que-las-mujeres-desean,"Características del chico malo que las mujeres desean",looksmaxing,sourcing,4.5-sourcing,/t/looksmaxing,7
/d/58324-guia-de-compra-de-face-pullers,"Guía de compra de face pullers",softmaxing,sourcing,4.5-sourcing,/t/softmaxing,9
/d/58355-3-pruebas-rapidas-y-faciles-de-subhumanidad,"3 pruebas rápidas y fáciles de subhumanidad",looksmaxing,self-harm/hopelessness,4.5-safety,/t/looksmaxing,13
/d/5909-como-realmente-crecer-mas-alto,"CÓMO REALMENTE crecer más alto",looksmaxing,dosing/PED,4.5-sourcing,/t/looksmaxing,10
/d/59344-megahilo-de-gymcelling,"Megahilo de gymcelling",looksmaxing,sourcing,4.5-sourcing,/t/looksmaxing,7
/d/6041-proporciones-corporales-ideales,"Proporciones corporales ideales",looksmaxing,sourcing,4.5-sourcing,/t/looksmaxing,3
/d/60609-mi-guia-gratis-y-facil-para-fatcels-para-bajar-de-peso,"Mi guía GRATIS y fácil para fatcels para bajar de peso",looksmaxing,dosing/PED,4.5-sourcing,/t/looksmaxing,4
/d/61034-gtfih-bonecels-sonido-para-el-crecimiento-oseo,"[GTFIH BONECELS] Sonido para el crecimiento óseo",hardmaxing,sourcing,4.5-sourcing,/t/hardmaxing,6
/d/6120-mk-677-vs-hgh,"MK-677 vs HGH",anabolicos,dosing/PED,4.5-sourcing,/t/anabolicos,9
/d/62178-la-guia-heightmax-mas-facil-gtfih,"LA GUÍA HEIGHTMAX MÁS FÁCIL [GTFIH]",looksmaxing,dosing/PED,4.5-sourcing,/t/looksmaxing,4
/d/6241-guia-de-vitamina-c-collagenmaxxing-guia-de-suplementos-y-serum-facial,"[GUÍA DE VITAMINA C] [Collagenmaxxing] Guía de suplementos y sérum facial",softmaxing,sourcing,4.5-sourcing,/t/softmaxing,3
/d/6300-que-es-la-adiccion-por-que-podrias-ser-un-adicto-y-como-puedes-solucionarlo-largo,"¿Qué es la adicción? ¿Por qué podrías ser un adicto y cómo puedes solucionarlo? [LARGO]",looksmaxing,dosing/PED,4.5-sourcing,/t/looksmaxing,7
/d/6341-la-forma-mas-facil-de-llegar-al-8-de-grasa-corporal,"La forma más fácil de llegar al 8% de grasa corporal",looksmaxing,self-harm/hopelessness,4.5-safety,/t/looksmaxing,9
/d/6395-collagenmaxxing-101-para-principiantes-lo-basico,"Collagenmaxxing #101 para principiantes - lo básico",softmaxing,dosing/PED,4.5-sourcing,/t/softmaxing,9
/d/6415-guia-de-maxxing-de-ojeras,"Guía de Maxxing de Ojeras",softmaxing,dosing/PED,4.5-sourcing,/t/softmaxing,9
/d/6427-como-el-hueso-hioides-te-hace-chad-o-subhumano,"cómo el hueso hioides te hace chad o subhumano",hardmaxing,sourcing,4.5-sourcing,/t/hardmaxing,6
/d/66173-libere-la-guia-de-peptidos-que-deberias-leer,"Liberé la guía de péptidos que deberías leer",peptides,dosing/PED,4.5-sourcing,/t/peptides,17
/d/66459-sleepmaxxing,Sleepmaxxing,softmaxing,sourcing,4.5-sourcing,/t/softmaxing,3
/d/6745-guia-de-pelea-de-selinity,"Guía de Pelea de Selinity",looksmaxing,sourcing,4.5-sourcing,/t/looksmaxing,10
/d/6898-guia-completa-de-minoxidil-para-el-crecimiento-del-cabello,"Guía Completa de Minoxidil (Para el Crecimiento del Cabello)",softmaxing,sourcing,4.5-sourcing,/t/softmaxing,3
/d/6939-todo-lo-que-necesitas-saber-sobre-its-y-embarazos,"Todo lo que necesitas saber sobre ITS y embarazos",looksmaxing,self-harm/hopelessness,4.5-safety,/t/looksmaxing,7
/d/7196-una-guia-completa-para-dominar-a-la-foid-asiatica,"Una guía completa para dominar a la foid asiática",looksmaxing,sourcing,4.5-sourcing,/t/looksmaxing,6
/d/7262-guia-para-el-ascenso-etnico-escapando-del-currytax-curries-no-tengan-mas-miedo,"guía para el ascenso étnico (escapando del currytax)   curries   no tengan más miedo",looksmaxing,self-harm/hopelessness,4.5-safety,/t/looksmaxing,9
/d/7413-los-8-mejores-suplementos-para-aumentar-los-niveles-de-t-para-tcels-bajos-basado-en-estudios,"Los 8 mejores suplementos para aumentar los niveles de T para Tcels bajos (basado en estudios)",anabolicos,dosing/PED,4.5-sourcing,/t/anabolicos,3
/d/7548-el-protector-solar-y-por-que-deberias-usarlo,"El protector solar  y por qué deberías usarlo",softmaxing,dosing/PED,4.5-sourcing,/t/softmaxing,7
/d/7660-por-que-deberias-consumir-huevos-crudos,"Por qué deberías consumir huevos crudos",looksmaxing,dosing/PED,4.5-sourcing,/t/looksmaxing,9
/d/7768-la-guia-de-yolosweg-para-la-felicidad-en-general,"La guía de Yolosweg para la felicidad en general",looksmaxing,dosing/PED,4.5-sourcing,/t/looksmaxing,7
/d/7779-como-convertirse-en-negro-de-verdad,"Cómo Convertirse en Negro de Verdad",peptides,dosing/PED,4.5-sourcing,/t/peptides,7
/d/7817-por-que-tus-ancestros-no-tenian-acne-y-tu-si,"POR QUÉ TUS ANCESTROS NO TENÍAN ACNÉ Y TÚ SÍ",softmaxing,sourcing,4.5-sourcing,/t/softmaxing,6
/d/7898-una-guia-para-criar-a-tu-bebe-de-modo-que-tenga-la-maxima-calidad-para-convertirse-en-un-chadstacy-mas-adelante,"Una guía para criar a tu bebé de modo que tenga la máxima calidad para convertirse en un chad/stacy más adelante",looksmaxing,dosing/PED,4.5-sourcing,/t/looksmaxing,19
/d/7906-como-deshacerte-del-acne-primitivepill,"Cómo deshacerte del ACNÉ (PRIMITIVEPILL)",softmaxing,sourcing,4.5-sourcing,/t/softmaxing,9
/d/7939-tips-para-una-dieta-basada-en-plantas-y-comida-integral,"Tips para una dieta basada en plantas y comida integral",looksmaxing,dosing/PED,4.5-sourcing,/t/looksmaxing,6
/d/874-testosteronemaxxing-natural,"Testosteronemaxxing Natural",anabolicos,dosing/PED,4.5-sourcing,/t/anabolicos,9
/d/897-guia-de-heightmaxxing-looksmaxing-este-stack-secreto-rival-hgh-de-grado-farmaceutico,"Guía de Heightmaxxing Looksmaxing: ¡Este Stack Secreto Rival HGH de Grado Farmacéutico!",peptides,dosing/PED,4.5-sourcing,/t/peptides,10
/d/918-guia-de-looksmaxxing-por-fenotipo-el-fundamental-olvidado-del-looksmax,"Guía de Looksmaxxing por Fenotipo: El Fundamental Olvidado del Looksmax",looksmaxing,sourcing,4.5-sourcing,/t/looksmaxing,9
/d/9226-los-verdaderos-beneficios-del-nofap-y-como-lograrlo,"Los VERDADEROS Beneficios del NoFap y Cómo Lograrlo",looksmaxing,sourcing,4.5-sourcing,/t/looksmaxing,3
/d/9250-eyemaxxing-mejorando-el-area-de-tus-ojos,"EYEMAXXING - Mejorando el Área de Tus Ojos",softmaxing,sourcing,4.5-sourcing,/t/softmaxing,10
/d/9293-guia-para-el-cold-approach-y-no-ser-un-retrasado-social,"GUÍA para el cold approach y no ser un retrasado social.",looksmaxing,self-harm/hopelessness,4.5-safety,/t/looksmaxing,9
/d/9358-como-hacer-looksmaxx-correctamente-y-ascender,"Cómo hacer looksmaxx correctamente y ascender",looksmaxing,sourcing,4.5-sourcing,/t/looksmaxing,4
/d/9362-guia-de-sueno-ideal,"Guía de Sueño Ideal",softmaxing,sourcing,4.5-sourcing,/t/softmaxing,6
/d/9392-guia-completa-sobre-nutrientes-esenciales,"Guía completa sobre nutrientes esenciales",looksmaxing,sourcing,4.5-sourcing,/t/looksmaxing,9
/d/9394-glosario-oficial-de-looksmaxgov,"Glosario Oficial de Looksmax.gov",looksmaxing,self-harm/hopelessness,4.5-safety,/t/looksmaxing,17
/d/9413-fashionmaxxing-formal,"Fashionmaxxing formal",softmaxing,sourcing,4.5-sourcing,/t/softmaxing,6
/d/9445-retencion-de-semen-y-atraccion-femenina,"Retención de Semen y Atracción Femenina",looksmaxing,dosing/PED,4.5-sourcing,/t/looksmaxing,7
/d/9465-por-que-el-veganismo-es-cucked-con-pruebas,"Por qué el Veganismo es cucked con pruebas",looksmaxing,sourcing,4.5-sourcing,/t/looksmaxing,6
/d/9494-guia-de-looksmaxxing-de-biodisponibilidad-estas-tomando-los-suplementos-incorrectamente,"Guía de looksmaxxing de biodisponibilidad: ¡Estás tomando los suplementos incorrectamente!",looksmaxing,sourcing,4.5-sourcing,/t/looksmaxing,10
/d/9505-stack-definitivo-de-suplementos-para-heightmaxxing-y-discusion,"Stack definitivo de suplementos para heightmaxxing y discusión",looksmaxing,dosing/PED,4.5-sourcing,/t/looksmaxing,6
/d/9729-mi-stack-de-suplementos-que-hizo-la-mayor-diferencia,"Mi stack de suplementos que hizo la mayor diferencia",looksmaxing,dosing/PED,4.5-sourcing,/t/looksmaxing,10
/d/9854-archivo-lookism-dieta-humana-natural-y-causa-raiz-de-la-enfermedad,"[ARCHIVO LOOKISM] Dieta humana natural y causa raíz de la enfermedad",looksmaxing,sourcing,4.5-sourcing,/t/looksmaxing,3
